,specimen_collection_date,tests,pos,pct,neg,indeterminate,last_updated_at,data_loaded_at
0,2020-03-01T00:00:00.000,2,0,0.0,2,0,2022-01-17 04:35:08.823,2022-01-17 09:00:07.255
1,2020-03-03T00:00:00.000,8,2,0.25,6,0,2022-01-17 04:35:08.823,2022-01-17 09:00:08.833
2,2020-03-04T00:00:00.000,12,0,0.0,12,0,2022-01-17 04:35:08.823,2022-01-17 09:00:08.836
3,2020-03-06T00:00:00.000,21,1,0.047619047619047616,20,0,2022-01-17 04:35:08.823,2022-01-17 09:00:08.839
4,2020-03-07T00:00:00.000,23,7,0.30434782608695654,16,0,2022-01-17 04:35:08.823,2022-01-17 09:00:08.841
5,2020-03-08T00:00:00.000,12,3,0.25,9,0,2022-01-17 04:35:08.823,2022-01-17 09:00:08.844
6,2020-03-11T00:00:00.000,91,12,0.13333333333333333,78,1,2022-01-17 04:35:08.823,2022-01-17 09:00:08.847
7,2020-03-13T00:00:00.000,252,18,0.07142857142857142,234,0,2022-01-17 04:35:08.823,2022-01-17 09:00:08.850
8,2020-03-21T00:00:00.000,170,17,0.1,153,0,2022-01-17 04:35:08.823,2022-01-17 09:00:08.852
9,2020-03-23T00:00:00.000,346,37,0.1069364161849711,309,0,2022-01-17 04:35:08.823,2022-01-17 09:00:08.854
10,2020-03-25T00:00:00.000,409,49,0.12039312039312039,358,2,2022-01-17 04:35:08.823,2022-01-17 09:00:08.857
11,2020-03-29T00:00:00.000,161,16,0.10126582278481013,142,3,2022-01-17 04:35:08.823,2022-01-17 09:00:08.860
12,2020-03-30T00:00:00.000,400,47,0.11779448621553884,352,1,2022-01-17 04:35:08.823,2022-01-17 09:00:08.863
13,2020-04-04T00:00:00.000,233,20,0.08583690987124463,213,0,2022-01-17 04:35:08.823,2022-01-17 09:00:08.865
14,2020-04-06T00:00:00.000,479,63,0.13179916317991633,415,1,2022-01-17 04:35:08.823,2022-01-17 09:00:08.869
15,2020-04-12T00:00:00.000,196,31,0.15816326530612246,165,0,2022-01-17 04:35:08.823,2022-01-17 09:00:08.873
16,2020-04-13T00:00:00.000,474,44,0.09302325581395349,429,1,2022-01-17 04:35:08.823,2022-01-17 09:00:08.875
17,2020-04-15T00:00:00.000,540,70,0.12962962962962962,470,0,2022-01-17 04:35:08.823,2022-01-17 09:00:08.877
18,2020-04-17T00:00:00.000,603,59,0.09833333333333333,541,3,2022-01-17 04:35:08.823,2022-01-17 09:00:08.880
19,2020-04-26T00:00:00.000,1439,40,0.027816411682892908,1398,1,2022-01-17 04:35:08.823,2022-01-17 09:00:08.882
20,2020-04-28T00:00:00.000,2939,92,0.031410037555479685,2837,10,2022-01-17 04:35:08.823,2022-01-17 09:00:08.884
21,2020-04-30T00:00:00.000,1236,53,0.04288025889967637,1183,0,2022-01-17 04:35:08.823,2022-01-17 09:00:08.887
22,2020-05-03T00:00:00.000,431,20,0.04640371229698376,411,0,2022-01-17 04:35:08.823,2022-01-17 09:00:08.889
23,2020-05-08T00:00:00.000,1801,38,0.021193530395984383,1755,8,2022-01-17 04:35:08.823,2022-01-17 09:00:08.891
24,2020-05-10T00:00:00.000,571,13,0.022887323943661973,555,3,2022-01-17 04:35:08.823,2022-01-17 09:00:08.893
25,2020-05-11T00:00:00.000,1607,39,0.024344569288389514,1563,5,2022-01-17 04:35:08.823,2022-01-17 09:00:08.896
26,2020-05-12T00:00:00.000,1760,66,0.037606837606837605,1689,5,2022-01-17 04:35:08.823,2022-01-17 09:00:08.898
27,2020-05-13T00:00:00.000,1597,48,0.030094043887147336,1547,2,2022-01-17 04:35:08.823,2022-01-17 09:00:08.900
28,2020-05-14T00:00:00.000,1837,43,0.023433242506811988,1792,2,2022-01-17 04:35:08.823,2022-01-17 09:00:08.902
29,2020-05-24T00:00:00.000,902,12,0.013333333333333334,888,2,2022-01-17 04:35:08.823,2022-01-17 09:00:08.904
30,2020-05-25T00:00:00.000,697,13,0.018651362984218076,684,0,2022-01-17 04:35:08.823,2022-01-17 09:00:08.907
31,2020-05-30T00:00:00.000,1637,29,0.017747858017135864,1605,3,2022-01-17 04:35:08.823,2022-01-17 09:00:08.909
32,2020-06-03T00:00:00.000,2376,36,0.015164279696714406,2338,2,2022-01-17 04:35:08.823,2022-01-17 09:00:08.911
33,2020-06-05T00:00:00.000,2592,38,0.014671814671814672,2552,2,2022-01-17 04:35:08.823,2022-01-17 09:00:08.913
34,2020-06-06T00:00:00.000,1888,20,0.010598834128245893,1867,1,2022-01-17 04:35:08.823,2022-01-17 09:00:08.915
35,2020-06-13T00:00:00.000,1949,26,0.013340174448435094,1923,0,2022-01-17 04:35:08.823,2022-01-17 09:00:08.917
36,2020-06-15T00:00:00.000,3497,39,0.011152416356877323,3458,0,2022-01-17 04:35:08.823,2022-01-17 09:00:08.920
37,2020-06-17T00:00:00.000,3707,65,0.017539125742039936,3641,1,2022-01-17 04:35:08.823,2022-01-17 09:00:08.922
38,2020-06-18T00:00:00.000,3987,54,0.013547415955845458,3932,1,2022-01-17 04:35:08.823,2022-01-17 09:00:08.924
39,2020-06-19T00:00:00.000,3486,55,0.015781922525107604,3430,1,2022-01-17 04:35:08.823,2022-01-17 09:00:08.926
40,2020-06-21T00:00:00.000,1336,39,0.029191616766467067,1297,0,2022-01-17 04:35:08.823,2022-01-17 09:00:08.928
41,2020-06-24T00:00:00.000,3990,76,0.01904761904761905,3914,0,2022-01-17 04:35:08.823,2022-01-17 09:00:08.930
42,2020-06-26T00:00:00.000,4026,82,0.020377733598409543,3942,2,2022-01-17 04:35:08.823,2022-01-17 09:00:08.933
43,2020-06-28T00:00:00.000,2285,42,0.018380743982494528,2243,0,2022-01-17 04:35:08.823,2022-01-17 09:00:08.935
44,2020-07-04T00:00:00.000,773,29,0.037516170763260026,744,0,2022-01-17 04:35:08.823,2022-01-17 09:00:08.937
45,2020-07-07T00:00:00.000,4681,116,0.02480752780153978,4560,5,2022-01-17 04:35:08.823,2022-01-17 09:00:08.939
46,2020-07-08T00:00:00.000,4579,144,0.0314479143917886,4435,0,2022-01-17 04:35:08.823,2022-01-17 09:00:08.941
47,2020-07-09T00:00:00.000,4558,136,0.029844195742813256,4421,1,2022-01-17 04:35:08.823,2022-01-17 09:00:08.943
48,2020-07-13T00:00:00.000,5089,171,0.03360188642169385,4918,0,2022-01-17 04:35:08.823,2022-01-17 09:00:08.946
49,2020-07-14T00:00:00.000,5432,185,0.03406370834100534,5246,1,2022-01-17 04:35:08.823,2022-01-17 09:00:08.948
50,2020-07-15T00:00:00.000,5090,179,0.0352015732546706,4906,5,2022-01-17 04:35:08.823,2022-01-17 09:00:08.950
51,2020-07-16T00:00:00.000,5662,186,0.03286219081272085,5474,2,2022-01-17 04:35:08.823,2022-01-17 09:00:08.952
52,2020-07-19T00:00:00.000,1909,97,0.05081194342587742,1812,0,2022-01-17 04:35:08.823,2022-01-17 09:00:08.954
53,2020-07-20T00:00:00.000,5235,183,0.03496369889186091,5051,1,2022-01-17 04:35:08.823,2022-01-17 09:00:08.956
54,2020-07-22T00:00:00.000,4866,151,0.03103802672147996,4714,1,2022-01-17 04:35:08.823,2022-01-17 09:00:08.958
55,2020-07-25T00:00:00.000,2476,108,0.043671653861706426,2365,3,2022-01-17 04:35:08.823,2022-01-17 09:00:08.960
56,2020-07-27T00:00:00.000,5119,125,0.02442360296991012,4993,1,2022-01-17 04:35:08.823,2022-01-17 09:00:08.962
57,2020-08-05T00:00:00.000,4751,164,0.034548135664630296,4583,4,2022-01-17 04:35:08.823,2022-01-17 09:00:08.964
58,2020-08-08T00:00:00.000,2375,73,0.03080168776371308,2297,5,2022-01-17 04:35:08.823,2022-01-17 09:00:08.966
59,2020-08-10T00:00:00.000,5051,122,0.02424001589509239,4911,18,2022-01-17 04:35:08.823,2022-01-17 09:00:08.968
60,2020-08-13T00:00:00.000,4867,126,0.025974025974025976,4725,16,2022-01-17 04:35:08.823,2022-01-17 09:00:08.970
61,2020-08-23T00:00:00.000,1388,49,0.035328046142754144,1338,1,2022-01-17 04:35:08.823,2022-01-17 09:00:08.972
62,2020-08-25T00:00:00.000,4448,101,0.02275287226852895,4338,9,2022-01-17 04:35:08.823,2022-01-17 09:00:08.974
63,2020-09-01T00:00:00.000,4808,99,0.020754716981132074,4671,38,2022-01-17 04:35:08.823,2022-01-17 09:00:08.977
64,2020-09-03T00:00:00.000,4601,110,0.023959921585711173,4481,10,2022-01-17 04:35:08.823,2022-01-17 09:00:08.979
65,2020-09-04T00:00:00.000,4438,86,0.019581056466302368,4306,46,2022-01-17 04:35:08.823,2022-01-17 09:00:08.981
66,2020-09-05T00:00:00.000,2361,42,0.017826825127334467,2314,5,2022-01-17 04:35:08.823,2022-01-17 09:00:08.983
67,2020-09-06T00:00:00.000,2017,34,0.01693227091633466,1974,9,2022-01-17 04:35:08.823,2022-01-17 09:00:08.985
68,2020-09-07T00:00:00.000,1363,64,0.047232472324723246,1291,8,2022-01-17 04:35:08.823,2022-01-17 09:00:08.987
69,2020-09-10T00:00:00.000,4790,70,0.014641288433382138,4711,9,2022-01-17 04:35:08.823,2022-01-17 09:00:08.989
70,2020-09-12T00:00:00.000,2352,59,0.025181391378574478,2284,9,2022-01-17 04:35:08.823,2022-01-17 09:00:08.991
71,2020-09-15T00:00:00.000,5173,101,0.019558481797056545,5063,9,2022-01-17 04:35:08.823,2022-01-17 09:00:08.993
72,2020-09-18T00:00:00.000,4893,109,0.022294947842094497,4780,4,2022-01-17 04:35:08.823,2022-01-17 09:00:08.995
73,2020-09-19T00:00:00.000,2335,47,0.02017167381974249,2283,5,2022-01-17 04:35:08.823,2022-01-17 09:00:08.997
74,2020-09-20T00:00:00.000,2028,32,0.015810276679841896,1992,4,2022-01-17 04:35:08.823,2022-01-17 09:00:08.999
75,2020-09-26T00:00:00.000,2757,32,0.011611030478955007,2724,1,2022-01-17 04:35:08.823,2022-01-17 09:00:09.001
76,2020-09-30T00:00:00.000,5973,62,0.01039222259470332,5904,7,2022-01-17 04:35:08.823,2022-01-17 09:00:09.003
77,2020-10-01T00:00:00.000,5794,54,0.009321595028482652,5739,1,2022-01-17 04:35:08.823,2022-01-17 09:00:09.004
78,2020-10-04T00:00:00.000,2309,19,0.0082358040745557,2288,2,2022-01-17 04:35:08.823,2022-01-17 09:00:09.006
79,2020-10-07T00:00:00.000,6578,57,0.00867183934276586,6516,5,2022-01-17 04:35:08.823,2022-01-17 09:00:09.008
80,2020-10-08T00:00:00.000,6546,54,0.008253094910591471,6489,3,2022-01-17 04:35:08.823,2022-01-17 09:00:09.010
81,2020-10-10T00:00:00.000,3323,24,0.007226738934056007,3297,2,2022-01-17 04:35:08.823,2022-01-17 09:00:09.012
82,2020-10-15T00:00:00.000,6218,51,0.008203313495254947,6166,1,2022-01-17 04:35:08.823,2022-01-17 09:00:09.014
83,2020-10-16T00:00:00.000,5404,53,0.009811181044057756,5349,2,2022-01-17 04:35:08.823,2022-01-17 09:00:09.016
84,2020-10-18T00:00:00.000,2452,16,0.006552006552006552,2426,10,2022-01-17 04:35:08.823,2022-01-17 09:00:09.018
85,2020-10-22T00:00:00.000,6461,75,0.011617100371747211,6381,5,2022-01-17 04:35:08.823,2022-01-17 09:00:09.023
86,2020-10-23T00:00:00.000,5609,69,0.012306046013911182,5538,2,2022-01-17 04:35:08.823,2022-01-17 09:00:09.025
87,2020-10-24T00:00:00.000,2988,42,0.01407035175879397,2943,3,2022-01-17 04:35:08.823,2022-01-17 09:00:09.027
88,2020-10-25T00:00:00.000,2447,49,0.020049099836333878,2395,3,2022-01-17 04:35:08.823,2022-01-17 09:00:09.029
89,2020-10-31T00:00:00.000,2901,71,0.024482758620689656,2829,1,2022-01-17 04:35:08.823,2022-01-17 09:00:09.030
90,2020-11-01T00:00:00.000,2463,37,0.015040650406504066,2423,3,2022-01-17 04:35:08.823,2022-01-17 09:00:09.032
91,2020-11-02T00:00:00.000,7516,116,0.01544607190412783,7394,6,2022-01-17 04:35:08.823,2022-01-17 09:00:09.034
92,2020-11-05T00:00:00.000,7259,150,0.020683949255377827,7102,7,2022-01-17 04:35:08.823,2022-01-17 09:00:09.036
93,2020-11-10T00:00:00.000,8195,137,0.016737935247403787,8048,10,2022-01-17 04:35:08.823,2022-01-17 09:00:09.038
94,2020-11-16T00:00:00.000,8502,212,0.02495291902071563,8284,6,2022-01-17 04:35:08.823,2022-01-17 09:00:09.042
95,2020-11-20T00:00:00.000,9916,193,0.01948117492681942,9714,9,2022-01-17 04:35:08.823,2022-01-17 09:00:09.044
96,2020-11-21T00:00:00.000,5136,114,0.022217891249269147,5017,5,2022-01-17 04:35:08.823,2022-01-17 09:00:09.046
97,2020-11-28T00:00:00.000,4326,138,0.031951840703866634,4181,7,2022-01-17 04:35:08.823,2022-01-17 09:00:09.048
98,2020-11-30T00:00:00.000,10987,319,0.029071356967101065,10654,14,2022-01-17 04:35:08.823,2022-01-17 09:00:09.049
99,2020-12-03T00:00:00.000,9767,356,0.03649784703711298,9398,13,2022-01-17 04:35:08.823,2022-01-17 09:00:09.051
100,2020-12-04T00:00:00.000,8996,285,0.03171247357293869,8702,9,2022-01-17 04:35:08.823,2022-01-17 09:00:09.053
101,2020-12-08T00:00:00.000,9691,363,0.037538779731127195,9307,21,2022-01-17 04:35:08.823,2022-01-17 09:00:09.055
102,2020-12-09T00:00:00.000,10029,365,0.036463536463536464,9645,19,2022-01-17 04:35:08.823,2022-01-17 09:00:09.056
103,2020-12-20T00:00:00.000,4638,135,0.029145077720207253,4497,6,2022-01-17 04:35:08.823,2022-01-17 09:00:09.058
104,2020-12-21T00:00:00.000,11818,413,0.035032657562134195,11376,29,2022-01-17 04:35:08.823,2022-01-17 09:00:09.060
105,2020-12-24T00:00:00.000,6231,288,0.04627249357326478,5936,7,2022-01-17 04:35:08.823,2022-01-17 09:00:09.062
106,2020-12-26T00:00:00.000,4644,278,0.060056167638798875,4351,15,2022-01-17 04:35:08.823,2022-01-17 09:00:09.064
107,2020-12-27T00:00:00.000,4174,201,0.04828248858995916,3962,11,2022-01-17 04:35:08.823,2022-01-17 09:00:09.066
108,2021-01-01T00:00:00.000,1859,93,0.05016181229773463,1761,5,2022-01-17 04:35:08.823,2022-01-17 09:00:09.068
109,2021-01-03T00:00:00.000,4484,219,0.048894842598794376,4260,5,2022-01-17 04:35:08.823,2022-01-17 09:00:09.069
110,2021-01-12T00:00:00.000,9911,389,0.039328682640784554,9502,20,2022-01-17 04:35:08.823,2022-01-17 09:00:09.071
111,2021-01-16T00:00:00.000,4382,217,0.049577336074937174,4160,5,2022-01-17 04:35:08.823,2022-01-17 09:00:09.073
112,2021-01-21T00:00:00.000,9373,284,0.030325680726107848,9081,8,2022-01-17 04:35:08.823,2022-01-17 09:00:09.075
113,2021-01-22T00:00:00.000,8256,251,0.03045007885478588,7992,13,2022-01-17 04:35:08.823,2022-01-17 09:00:09.077
114,2021-01-23T00:00:00.000,3654,154,0.042238069116840374,3492,8,2022-01-17 04:35:08.823,2022-01-17 09:00:09.079
115,2021-01-24T00:00:00.000,3058,117,0.03836065573770492,2933,8,2022-01-17 04:35:08.823,2022-01-17 09:00:09.081
116,2021-01-25T00:00:00.000,8071,256,0.031753907219052344,7806,9,2022-01-17 04:35:08.823,2022-01-17 09:00:09.083
117,2021-02-02T00:00:00.000,8442,176,0.020867915579796063,8258,8,2022-01-17 04:35:08.823,2022-01-17 09:00:09.084
118,2021-02-05T00:00:00.000,6837,191,0.027968955923268413,6638,8,2022-01-17 04:35:08.823,2022-01-17 09:00:09.086
119,2021-02-06T00:00:00.000,3191,101,0.031770997168921046,3078,12,2022-01-17 04:35:08.823,2022-01-17 09:00:09.088
120,2021-02-07T00:00:00.000,2346,87,0.03717948717948718,2253,6,2022-01-17 04:35:08.823,2022-01-17 09:00:09.090
121,2021-02-09T00:00:00.000,8170,146,0.017894349797769334,8013,11,2022-01-17 04:35:08.823,2022-01-17 09:00:09.092
122,2021-02-11T00:00:00.000,7322,141,0.01929128471747161,7168,13,2022-01-17 04:35:08.823,2022-01-17 09:00:09.094
123,2021-02-12T00:00:00.000,6460,129,0.019984508133230054,6326,5,2022-01-17 04:35:08.823,2022-01-17 09:00:09.096
124,2021-02-14T00:00:00.000,2180,56,0.025688073394495414,2124,0,2022-01-17 04:35:08.823,2022-01-17 09:00:09.098
125,2021-02-16T00:00:00.000,8191,108,0.013196480938416423,8076,7,2022-01-17 04:35:08.823,2022-01-17 09:00:09.100
126,2021-02-17T00:00:00.000,7985,112,0.014036846722646948,7867,6,2022-01-17 04:35:08.823,2022-01-17 09:00:09.102
127,2021-02-18T00:00:00.000,7485,117,0.015639620371608074,7364,4,2022-01-17 04:35:08.823,2022-01-17 09:00:09.105
128,2021-02-19T00:00:00.000,6575,80,0.012172854534388313,6492,3,2022-01-17 04:35:08.823,2022-01-17 09:00:09.107
129,2021-02-21T00:00:00.000,2284,45,0.01971954425942156,2237,2,2022-01-17 04:35:08.823,2022-01-17 09:00:09.109
130,2021-02-23T00:00:00.000,7722,95,0.012318464730290456,7617,10,2022-01-17 04:35:08.823,2022-01-17 09:00:09.111
131,2021-02-24T00:00:00.000,8123,83,0.010241855873642645,8021,19,2022-01-17 04:35:08.823,2022-01-17 09:00:09.113
132,2021-02-26T00:00:00.000,6383,74,0.011607843137254902,6301,8,2022-01-17 04:35:08.823,2022-01-17 09:00:09.115
133,2021-02-27T00:00:00.000,2819,33,0.01172291296625222,2782,4,2022-01-17 04:35:08.823,2022-01-17 09:00:09.116
134,2021-02-28T00:00:00.000,2107,35,0.01665080875356803,2067,5,2022-01-17 04:35:08.823,2022-01-17 09:00:09.118
135,2021-03-04T00:00:00.000,7038,42,0.00597099800966733,6992,4,2022-01-17 04:35:08.823,2022-01-17 09:00:09.121
136,2021-03-05T00:00:00.000,5987,51,0.008535564853556485,5924,12,2022-01-17 04:35:08.823,2022-01-17 09:00:09.123
137,2021-03-06T00:00:00.000,2380,41,0.017255892255892257,2335,4,2022-01-17 04:35:08.823,2022-01-17 09:00:09.125
138,2021-03-13T00:00:00.000,2446,32,0.013104013104013105,2410,4,2022-01-17 04:35:08.823,2022-01-17 09:00:09.127
139,2021-03-18T00:00:00.000,5643,45,0.007980138322397589,5594,4,2022-01-17 04:35:08.823,2022-01-17 09:00:09.129
140,2021-03-24T00:00:00.000,7312,68,0.009308692676249144,7237,7,2022-01-17 04:35:08.823,2022-01-17 09:00:09.131
141,2021-03-25T00:00:00.000,6258,61,0.009761561849895984,6188,9,2022-01-17 04:35:08.823,2022-01-17 09:00:09.132
142,2021-03-30T00:00:00.000,7118,43,0.006041871575101869,7074,1,2022-01-17 04:35:08.823,2022-01-17 09:00:09.134
143,2021-04-01T00:00:00.000,5758,61,0.010612386917188587,5687,10,2022-01-17 04:35:08.823,2022-01-17 09:00:09.136
144,2021-04-05T00:00:00.000,6340,74,0.011681136543014996,6261,5,2022-01-17 04:35:08.823,2022-01-17 09:00:09.138
145,2021-04-12T00:00:00.000,7976,57,0.007153614457831325,7911,8,2022-01-17 04:35:08.823,2022-01-17 09:00:09.140
146,2021-04-14T00:00:00.000,6263,68,0.01085915043117215,6194,1,2022-01-17 04:35:08.823,2022-01-17 09:00:09.141
147,2021-04-16T00:00:00.000,5329,34,0.006380183899418277,5295,0,2022-01-17 04:35:08.823,2022-01-17 09:00:09.143
148,2021-04-17T00:00:00.000,2108,36,0.0170859041290935,2071,1,2022-01-17 04:35:08.823,2022-01-17 09:00:09.145
149,2021-04-22T00:00:00.000,5982,36,0.006019060357799699,5945,1,2022-01-17 04:35:08.823,2022-01-17 09:00:09.147
150,2021-05-03T00:00:00.000,6424,33,0.005137786081270434,6390,1,2022-01-17 04:35:08.823,2022-01-17 09:00:09.149
151,2021-05-04T00:00:00.000,6058,39,0.006442021803766105,6015,4,2022-01-17 04:35:08.823,2022-01-17 09:00:09.151
152,2021-05-08T00:00:00.000,2217,21,0.009472259810554804,2196,0,2022-01-17 04:35:08.823,2022-01-17 09:00:09.152
153,2021-05-10T00:00:00.000,6459,15,0.0023237800154918666,6440,4,2022-01-17 04:35:08.823,2022-01-17 09:00:09.154
154,2021-05-11T00:00:00.000,6030,33,0.0054753608760577405,5994,3,2022-01-17 04:35:08.823,2022-01-17 09:00:09.156
155,2021-05-23T00:00:00.000,1473,12,0.008146639511201629,1461,0,2022-01-17 04:35:08.823,2022-01-17 09:00:09.158
156,2021-05-26T00:00:00.000,4250,24,0.005647058823529412,4226,0,2022-01-17 04:35:08.823,2022-01-17 09:00:09.159
157,2021-05-27T00:00:00.000,3824,16,0.00418519487313628,3807,1,2022-01-17 04:35:08.823,2022-01-17 09:00:09.161
158,2021-06-02T00:00:00.000,4605,24,0.005215123859191656,4578,3,2022-01-17 04:35:08.823,2022-01-17 09:00:09.163
159,2021-06-06T00:00:00.000,1559,11,0.007055805003207184,1548,0,2022-01-17 04:35:08.823,2022-01-17 09:00:09.165
160,2021-06-08T00:00:00.000,3875,18,0.0046487603305785125,3854,3,2022-01-17 04:35:08.823,2022-01-17 09:00:09.166
161,2021-06-10T00:00:00.000,3367,20,0.0059417706476530005,3346,1,2022-01-17 04:35:08.823,2022-01-17 09:00:09.168
162,2021-06-18T00:00:00.000,2959,12,0.004058167061210686,2945,2,2022-01-17 04:35:08.823,2022-01-17 09:00:09.170
163,2021-06-20T00:00:00.000,1181,9,0.007620660457239628,1172,0,2022-01-17 04:35:08.823,2022-01-17 09:00:09.172
164,2021-06-22T00:00:00.000,3112,19,0.006105398457583547,3093,0,2022-01-17 04:35:08.823,2022-01-17 09:00:09.174
165,2021-06-27T00:00:00.000,1319,10,0.0075815011372251705,1309,0,2022-01-17 04:35:08.823,2022-01-17 09:00:09.175
166,2021-06-28T00:00:00.000,3640,40,0.010992030777686177,3599,1,2022-01-17 04:35:08.823,2022-01-17 09:00:09.177
167,2021-07-06T00:00:00.000,3828,91,0.023803295840962593,3732,5,2022-01-17 04:35:08.823,2022-01-17 09:00:09.179
168,2021-07-08T00:00:00.000,3664,125,0.03412503412503413,3538,1,2022-01-17 04:35:08.823,2022-01-17 09:00:09.181
169,2021-07-11T00:00:00.000,1368,67,0.04901243599122165,1300,1,2022-01-17 04:35:08.823,2022-01-17 09:00:09.183
170,2020-03-05T00:00:00.000,23,6,0.2608695652173913,17,0,2022-01-17 04:35:08.823,2022-01-17 09:00:09.185
171,2020-03-09T00:00:00.000,63,4,0.06349206349206349,59,0,2022-01-17 04:35:08.823,2022-01-17 09:00:09.186
172,2020-03-10T00:00:00.000,91,7,0.07692307692307693,84,0,2022-01-17 04:35:08.823,2022-01-17 09:00:09.188
173,2020-03-15T00:00:00.000,151,11,0.07333333333333333,139,1,2022-01-17 04:35:08.823,2022-01-17 09:00:09.190
174,2020-03-16T00:00:00.000,318,42,0.13291139240506328,274,2,2022-01-17 04:35:08.823,2022-01-17 09:00:09.192
175,2020-03-24T00:00:00.000,353,48,0.13636363636363635,304,1,2022-01-17 04:35:08.823,2022-01-17 09:00:09.194
176,2020-03-27T00:00:00.000,496,36,0.07272727272727272,459,1,2022-01-17 04:35:08.823,2022-01-17 09:00:09.196
177,2020-04-03T00:00:00.000,411,31,0.07542579075425791,380,0,2022-01-17 04:35:08.823,2022-01-17 09:00:09.197
178,2020-04-05T00:00:00.000,271,37,0.13653136531365315,234,0,2022-01-17 04:35:08.823,2022-01-17 09:00:09.199
179,2020-04-07T00:00:00.000,494,66,0.13360323886639677,428,0,2022-01-17 04:35:08.823,2022-01-17 09:00:09.201
180,2020-04-11T00:00:00.000,310,54,0.17419354838709677,256,0,2022-01-17 04:35:08.823,2022-01-17 09:00:09.203
181,2020-04-16T00:00:00.000,570,65,0.11443661971830986,503,2,2022-01-17 04:35:08.823,2022-01-17 09:00:09.205
182,2020-04-21T00:00:00.000,648,51,0.07894736842105263,595,2,2022-01-17 04:35:08.823,2022-01-17 09:00:09.207
183,2020-04-22T00:00:00.000,933,51,0.05472103004291846,881,1,2022-01-17 04:35:08.823,2022-01-17 09:00:09.208
184,2020-04-24T00:00:00.000,1338,69,0.05172413793103448,1265,4,2022-01-17 04:35:08.823,2022-01-17 09:00:09.210
185,2020-04-27T00:00:00.000,1945,68,0.03503348789283874,1873,4,2022-01-17 04:35:08.823,2022-01-17 09:00:09.212
186,2020-05-01T00:00:00.000,1447,53,0.03667820069204152,1392,2,2022-01-17 04:35:08.823,2022-01-17 09:00:09.214
187,2020-05-04T00:00:00.000,1162,66,0.056896551724137934,1094,2,2022-01-17 04:35:08.823,2022-01-17 09:00:09.216
188,2020-05-06T00:00:00.000,1591,53,0.03335431088735054,1536,2,2022-01-17 04:35:08.823,2022-01-17 09:00:09.217
189,2020-05-07T00:00:00.000,1764,37,0.021010789324247586,1724,3,2022-01-17 04:35:08.823,2022-01-17 09:00:09.219
190,2020-05-09T00:00:00.000,880,17,0.019428571428571427,858,5,2022-01-17 04:35:08.823,2022-01-17 09:00:09.221
191,2020-05-16T00:00:00.000,831,11,0.013237063778580024,820,0,2022-01-17 04:35:08.823,2022-01-17 09:00:09.223
192,2020-05-18T00:00:00.000,2089,60,0.028735632183908046,2028,1,2022-01-17 04:35:08.823,2022-01-17 09:00:09.225
193,2020-05-19T00:00:00.000,1748,49,0.028144744399770247,1692,7,2022-01-17 04:35:08.823,2022-01-17 09:00:09.227
194,2020-05-21T00:00:00.000,2415,35,0.014498757249378625,2379,1,2022-01-17 04:35:08.823,2022-01-17 09:00:09.228
195,2020-05-22T00:00:00.000,2455,46,0.018752547900529964,2407,2,2022-01-17 04:35:08.823,2022-01-17 09:00:09.230
196,2020-05-28T00:00:00.000,2353,32,0.013599660008499787,2321,0,2022-01-17 04:35:08.823,2022-01-17 09:00:09.232
197,2020-05-29T00:00:00.000,2573,45,0.017537022603273576,2521,7,2022-01-17 04:35:08.823,2022-01-17 09:00:09.234
198,2020-06-01T00:00:00.000,2592,43,0.01660872923908845,2546,3,2022-01-17 04:35:08.823,2022-01-17 09:00:09.236
199,2020-06-07T00:00:00.000,1932,23,0.011910926980838944,1908,1,2022-01-17 04:35:08.823,2022-01-17 09:00:09.237
200,2020-06-10T00:00:00.000,3114,21,0.00674373795761079,3093,0,2022-01-17 04:35:08.823,2022-01-17 09:00:09.239
201,2020-06-11T00:00:00.000,3543,33,0.009316770186335404,3509,1,2022-01-17 04:35:08.823,2022-01-17 09:00:09.241
202,2020-06-14T00:00:00.000,1548,17,0.010981912144702842,1531,0,2022-01-17 04:35:08.823,2022-01-17 09:00:09.243
203,2020-06-20T00:00:00.000,1673,56,0.03347280334728033,1617,0,2022-01-17 04:35:08.823,2022-01-17 09:00:09.244
204,2020-06-22T00:00:00.000,3533,121,0.034287333522244265,3408,4,2022-01-17 04:35:08.823,2022-01-17 09:00:09.246
205,2020-06-25T00:00:00.000,4110,85,0.02068126520681265,4025,0,2022-01-17 04:35:08.823,2022-01-17 09:00:09.248
206,2020-06-27T00:00:00.000,2196,63,0.028688524590163935,2133,0,2022-01-17 04:35:08.823,2022-01-17 09:00:09.250
207,2020-06-30T00:00:00.000,4319,112,0.025943942552698634,4205,2,2022-01-17 04:35:08.823,2022-01-17 09:00:09.251
208,2020-07-01T00:00:00.000,3973,100,0.02518891687657431,3870,3,2022-01-17 04:35:08.823,2022-01-17 09:00:09.253
209,2020-07-02T00:00:00.000,4302,130,0.030218503021850304,4172,0,2022-01-17 04:35:08.823,2022-01-17 09:00:09.255
210,2020-07-05T00:00:00.000,2157,63,0.02920723226703755,2094,0,2022-01-17 04:35:08.823,2022-01-17 09:00:09.257
211,2020-07-06T00:00:00.000,4489,108,0.02406417112299465,4380,1,2022-01-17 04:35:08.823,2022-01-17 09:00:09.258
212,2020-07-10T00:00:00.000,4579,152,0.033224043715846995,4423,4,2022-01-17 04:35:08.823,2022-01-17 09:00:09.260
213,2020-07-12T00:00:00.000,2189,81,0.037003197807217905,2108,0,2022-01-17 04:35:08.823,2022-01-17 09:00:09.262
214,2020-07-18T00:00:00.000,2510,99,0.03945795137504982,2410,1,2022-01-17 04:35:08.823,2022-01-17 09:00:09.264
215,2020-07-23T00:00:00.000,4662,167,0.03583690987124463,4493,2,2022-01-17 04:35:08.823,2022-01-17 09:00:09.266
216,2020-07-28T00:00:00.000,4639,120,0.025878800948889367,4517,2,2022-01-17 04:35:08.823,2022-01-17 09:00:09.268
217,2020-07-30T00:00:00.000,4717,159,0.033765130600976856,4550,8,2022-01-17 04:35:08.823,2022-01-17 09:00:09.271
218,2020-07-31T00:00:00.000,4850,156,0.03221143919058435,4687,7,2022-01-17 04:35:08.823,2022-01-17 09:00:09.273
219,2020-08-01T00:00:00.000,2711,99,0.03655834564254062,2609,3,2022-01-17 04:35:08.823,2022-01-17 09:00:09.276
220,2020-08-02T00:00:00.000,2256,64,0.028469750889679714,2184,8,2022-01-17 04:35:08.823,2022-01-17 09:00:09.278
221,2020-08-04T00:00:00.000,4813,112,0.023318759108890277,4691,10,2022-01-17 04:35:08.823,2022-01-17 09:00:09.280
222,2020-08-06T00:00:00.000,4643,125,0.026974536037980147,4509,9,2022-01-17 04:35:08.823,2022-01-17 09:00:09.281
223,2020-08-07T00:00:00.000,4736,153,0.032346723044397466,4577,6,2022-01-17 04:35:08.823,2022-01-17 09:00:09.283
224,2020-08-09T00:00:00.000,2119,76,0.03593380614657211,2039,4,2022-01-17 04:35:08.823,2022-01-17 09:00:09.285
225,2020-08-14T00:00:00.000,4656,138,0.029671038486347022,4513,5,2022-01-17 04:35:08.823,2022-01-17 09:00:09.286
226,2020-08-17T00:00:00.000,4756,108,0.022775200337410376,4634,14,2022-01-17 04:35:08.823,2022-01-17 09:00:09.288
227,2020-08-18T00:00:00.000,5114,101,0.01983503534956795,4991,22,2022-01-17 04:35:08.823,2022-01-17 09:00:09.290
228,2020-08-19T00:00:00.000,4707,114,0.024364180380423168,4565,28,2022-01-17 04:35:08.823,2022-01-17 09:00:09.292
229,2020-08-20T00:00:00.000,4427,99,0.02239819004524887,4321,7,2022-01-17 04:35:08.823,2022-01-17 09:00:09.294
230,2020-08-26T00:00:00.000,5254,112,0.02139446036294174,5123,19,2022-01-17 04:35:08.823,2022-01-17 09:00:09.295
231,2020-08-27T00:00:00.000,4839,115,0.023863872172649927,4704,20,2022-01-17 04:35:08.823,2022-01-17 09:00:09.297
232,2020-08-28T00:00:00.000,4380,86,0.019724770642201836,4274,20,2022-01-17 04:35:08.823,2022-01-17 09:00:09.299
233,2020-08-30T00:00:00.000,2227,42,0.01928374655647383,2136,49,2022-01-17 04:35:08.823,2022-01-17 09:00:09.301
234,2020-08-31T00:00:00.000,5253,106,0.02025606726543092,5127,20,2022-01-17 04:35:08.823,2022-01-17 09:00:09.303
235,2020-09-02T00:00:00.000,4907,100,0.020445716622367615,4791,16,2022-01-17 04:35:08.823,2022-01-17 09:00:09.304
236,2020-09-11T00:00:00.000,4068,129,0.031781226903178125,3930,9,2022-01-17 04:35:08.823,2022-01-17 09:00:09.306
237,2020-09-13T00:00:00.000,2010,29,0.014478282576135796,1974,7,2022-01-17 04:35:08.823,2022-01-17 09:00:09.308
238,2020-09-16T00:00:00.000,4881,86,0.017659137577002052,4784,11,2022-01-17 04:35:08.823,2022-01-17 09:00:09.310
239,2020-09-21T00:00:00.000,5411,66,0.012210915818686401,5339,6,2022-01-17 04:35:08.823,2022-01-17 09:00:09.311
240,2020-09-24T00:00:00.000,5580,88,0.015790418087206173,5485,7,2022-01-17 04:35:08.823,2022-01-17 09:00:09.313
241,2020-09-25T00:00:00.000,5039,65,0.012914762567057422,4968,6,2022-01-17 04:35:08.823,2022-01-17 09:00:09.315
242,2020-09-28T00:00:00.000,5661,62,0.010963748894783378,5593,6,2022-01-17 04:35:08.823,2022-01-17 09:00:09.317
243,2020-09-29T00:00:00.000,5479,59,0.010776255707762557,5416,4,2022-01-17 04:35:08.823,2022-01-17 09:00:09.318
244,2020-10-03T00:00:00.000,2954,27,0.009146341463414634,2925,2,2022-01-17 04:35:08.823,2022-01-17 09:00:09.320
245,2020-10-06T00:00:00.000,6474,50,0.007731560228854183,6417,7,2022-01-17 04:35:08.823,2022-01-17 09:00:09.322
246,2020-10-13T00:00:00.000,6497,50,0.007701786814540973,6442,5,2022-01-17 04:35:08.823,2022-01-17 09:00:09.325
247,2020-10-21T00:00:00.000,6410,37,0.005774032459425718,6371,2,2022-01-17 04:35:08.823,2022-01-17 09:00:09.328
248,2020-10-27T00:00:00.000,7036,83,0.011803185437997724,6949,4,2022-01-17 04:35:08.823,2022-01-17 09:00:09.329
249,2020-10-30T00:00:00.000,6513,68,0.010443864229765013,6443,2,2022-01-17 04:35:08.823,2022-01-17 09:00:09.331
250,2020-11-03T00:00:00.000,6865,106,0.015442890442890442,6758,1,2022-01-17 04:35:08.823,2022-01-17 09:00:09.333
251,2020-11-04T00:00:00.000,7273,142,0.019551149662673826,7121,10,2022-01-17 04:35:08.823,2022-01-17 09:00:09.335
252,2020-11-06T00:00:00.000,6434,131,0.020376419349821123,6298,5,2022-01-17 04:35:08.823,2022-01-17 09:00:09.337
253,2020-11-07T00:00:00.000,3327,78,0.023465703971119134,3246,3,2022-01-17 04:35:08.823,2022-01-17 09:00:09.338
254,2020-11-08T00:00:00.000,2883,45,0.015614156835530881,2837,1,2022-01-17 04:35:08.823,2022-01-17 09:00:09.340
255,2020-11-09T00:00:00.000,7838,153,0.01953025274444728,7681,4,2022-01-17 04:35:08.823,2022-01-17 09:00:09.342
256,2020-11-12T00:00:00.000,7475,168,0.022520107238605896,7292,15,2022-01-17 04:35:08.823,2022-01-17 09:00:09.345
257,2020-11-14T00:00:00.000,4007,94,0.023482388208843366,3909,4,2022-01-17 04:35:08.823,2022-01-17 09:00:09.346
258,2020-11-15T00:00:00.000,3424,75,0.021910604732690624,3348,1,2022-01-17 04:35:08.823,2022-01-17 09:00:09.348
259,2020-11-17T00:00:00.000,9973,179,0.017973692137764837,9780,14,2022-01-17 04:35:08.823,2022-01-17 09:00:09.350
260,2020-11-18T00:00:00.000,9693,207,0.021386506870544476,9472,14,2022-01-17 04:35:08.823,2022-01-17 09:00:09.352
261,2020-11-19T00:00:00.000,10190,214,0.02104021236849867,9957,19,2022-01-17 04:35:08.823,2022-01-17 09:00:09.354
262,2020-11-22T00:00:00.000,5106,95,0.018627450980392157,5005,6,2022-01-17 04:35:08.823,2022-01-17 09:00:09.355
263,2020-11-23T00:00:00.000,11592,213,0.018396959751252374,11365,14,2022-01-17 04:35:08.823,2022-01-17 09:00:09.357
264,2020-11-24T00:00:00.000,11285,223,0.019788801135859437,11046,16,2022-01-17 04:35:08.823,2022-01-17 09:00:09.359
265,2020-11-26T00:00:00.000,1376,61,0.04433139534883721,1315,0,2022-01-17 04:35:08.823,2022-01-17 09:00:09.361
266,2020-11-27T00:00:00.000,3654,145,0.03976961053208996,3501,8,2022-01-17 04:35:08.823,2022-01-17 09:00:09.362
267,2020-11-29T00:00:00.000,4893,172,0.03518821603927987,4716,5,2022-01-17 04:35:08.823,2022-01-17 09:00:09.364
268,2020-12-02T00:00:00.000,9444,341,0.03616502280199385,9088,15,2022-01-17 04:35:08.823,2022-01-17 09:00:09.366
269,2020-12-05T00:00:00.000,4791,180,0.037641154328732745,4602,9,2022-01-17 04:35:08.823,2022-01-17 09:00:09.367
270,2020-12-06T00:00:00.000,3829,141,0.03686274509803922,3684,4,2022-01-17 04:35:08.823,2022-01-17 09:00:09.369
271,2020-12-11T00:00:00.000,8847,397,0.04500623512073461,8424,26,2022-01-17 04:35:08.823,2022-01-17 09:00:09.371
272,2020-12-12T00:00:00.000,5121,242,0.04748822605965463,4854,25,2022-01-17 04:35:08.823,2022-01-17 09:00:09.372
273,2020-12-14T00:00:00.000,10318,440,0.04277658953917947,9846,32,2022-01-17 04:35:08.823,2022-01-17 09:00:09.374
274,2020-12-16T00:00:00.000,11205,453,0.040500670540903,10732,20,2022-01-17 04:35:08.823,2022-01-17 09:00:09.376
275,2020-12-17T00:00:00.000,11357,386,0.03403279844824546,10956,15,2022-01-17 04:35:08.823,2022-01-17 09:00:09.377
276,2020-12-23T00:00:00.000,10909,380,0.03491363469312753,10504,25,2022-01-17 04:35:08.823,2022-01-17 09:00:09.379
277,2020-12-31T00:00:00.000,6186,343,0.05555555555555555,5831,12,2022-01-17 04:35:08.823,2022-01-17 09:00:09.381
278,2021-01-06T00:00:00.000,11328,461,0.04074237737516571,10854,13,2022-01-17 04:35:08.823,2022-01-17 09:00:09.383
279,2021-01-09T00:00:00.000,4876,271,0.0556582460464161,4598,7,2022-01-17 04:35:08.823,2022-01-17 09:00:09.384
280,2021-01-10T00:00:00.000,4050,176,0.04353203067029433,3867,7,2022-01-17 04:35:08.823,2022-01-17 09:00:09.386
281,2021-01-11T00:00:00.000,11641,518,0.04459366391184573,11098,25,2022-01-17 04:35:08.823,2022-01-17 09:00:09.388
282,2021-01-13T00:00:00.000,9631,375,0.03898939488459139,9243,13,2022-01-17 04:35:08.823,2022-01-17 09:00:09.390
283,2021-01-14T00:00:00.000,9970,411,0.04126920373531479,9548,11,2022-01-17 04:35:08.823,2022-01-17 09:00:09.391
284,2021-01-18T00:00:00.000,5828,235,0.04046143250688705,5573,20,2022-01-17 04:35:08.823,2022-01-17 09:00:09.393
285,2021-01-19T00:00:00.000,8863,277,0.0313029720872415,8572,14,2022-01-17 04:35:08.823,2022-01-17 09:00:09.395
286,2021-01-26T00:00:00.000,7613,199,0.026156677181913775,7409,5,2022-01-17 04:35:08.823,2022-01-17 09:00:09.397
287,2021-01-30T00:00:00.000,3373,179,0.053147268408551065,3189,5,2022-01-17 04:35:08.823,2022-01-17 09:00:09.398
288,2021-02-01T00:00:00.000,7579,221,0.02919033152819971,7350,8,2022-01-17 04:35:08.823,2022-01-17 09:00:09.400
289,2021-02-04T00:00:00.000,7822,222,0.028443305573350418,7583,17,2022-01-17 04:35:08.823,2022-01-17 09:00:09.402
290,2021-02-10T00:00:00.000,8398,145,0.017290722632959693,8241,12,2022-01-17 04:35:08.823,2022-01-17 09:00:09.404
291,2021-02-15T00:00:00.000,4451,98,0.022032374100719423,4350,3,2022-01-17 04:35:08.823,2022-01-17 09:00:09.405
292,2021-02-20T00:00:00.000,3094,62,0.020058233581365253,3029,3,2022-01-17 04:35:08.823,2022-01-17 09:00:09.407
293,2021-02-22T00:00:00.000,7793,110,0.014142453072769349,7668,15,2022-01-17 04:35:08.823,2022-01-17 09:00:09.409
294,2021-03-01T00:00:00.000,7438,67,0.00901871045901198,7362,9,2022-01-17 04:35:08.823,2022-01-17 09:00:09.411
295,2021-03-02T00:00:00.000,7451,62,0.0083266183185603,7384,5,2022-01-17 04:35:08.823,2022-01-17 09:00:09.412
296,2021-03-03T00:00:00.000,7756,58,0.0074858027878162104,7690,8,2022-01-17 04:35:08.823,2022-01-17 09:00:09.414
297,2021-03-11T00:00:00.000,6052,48,0.00794044665012407,5997,7,2022-01-17 04:35:08.823,2022-01-17 09:00:09.416
298,2021-03-12T00:00:00.000,5503,65,0.011826783114992722,5431,7,2022-01-17 04:35:08.823,2022-01-17 09:00:09.417
299,2021-03-14T00:00:00.000,2016,21,0.010427010923535254,1993,2,2022-01-17 04:35:08.823,2022-01-17 09:00:09.419
300,2021-03-16T00:00:00.000,6682,33,0.004943820224719101,6642,7,2022-01-17 04:35:08.823,2022-01-17 09:00:09.421
301,2021-03-17T00:00:00.000,6682,47,0.007038035339922133,6631,4,2022-01-17 04:35:08.823,2022-01-17 09:00:09.423
302,2021-03-20T00:00:00.000,2400,41,0.01709045435598166,2358,1,2022-01-17 04:35:08.823,2022-01-17 09:00:09.424
303,2021-03-21T00:00:00.000,2028,26,0.012826837691169216,2001,1,2022-01-17 04:35:08.823,2022-01-17 09:00:09.426
304,2021-03-22T00:00:00.000,7363,56,0.00760766200244532,7305,2,2022-01-17 04:35:08.823,2022-01-17 09:00:09.428
305,2021-03-23T00:00:00.000,7524,54,0.007178941770805637,7468,2,2022-01-17 04:35:08.823,2022-01-17 09:00:09.430
306,2021-03-26T00:00:00.000,5659,58,0.010252784161216192,5599,2,2022-01-17 04:35:08.823,2022-01-17 09:00:09.431
307,2021-03-28T00:00:00.000,1969,23,0.011681056373793804,1946,0,2022-01-17 04:35:08.823,2022-01-17 09:00:09.433
308,2021-04-02T00:00:00.000,5425,44,0.008112094395280236,5380,1,2022-01-17 04:35:08.823,2022-01-17 09:00:09.435
309,2021-04-04T00:00:00.000,1459,14,0.009595613433858808,1445,0,2022-01-17 04:35:08.823,2022-01-17 09:00:09.437
310,2021-04-06T00:00:00.000,6285,44,0.0070063694267515925,6236,5,2022-01-17 04:35:08.823,2022-01-17 09:00:09.438
311,2021-04-10T00:00:00.000,2390,45,0.018860016764459347,2341,4,2022-01-17 04:35:08.823,2022-01-17 09:00:09.440
312,2021-04-11T00:00:00.000,1886,19,0.010079575596816976,1866,1,2022-01-17 04:35:08.823,2022-01-17 09:00:09.442
313,2021-04-13T00:00:00.000,7092,51,0.007194244604316547,7038,3,2022-01-17 04:35:08.823,2022-01-17 09:00:09.444
314,2021-04-15T00:00:00.000,5473,58,0.01060329067641682,5412,3,2022-01-17 04:35:08.823,2022-01-17 09:00:09.445
315,2021-04-18T00:00:00.000,1674,20,0.011947431302270013,1654,0,2022-01-17 04:35:08.823,2022-01-17 09:00:09.447
316,2021-04-19T00:00:00.000,6935,43,0.006204010965228683,6888,4,2022-01-17 04:35:08.823,2022-01-17 09:00:09.449
317,2021-04-20T00:00:00.000,6196,45,0.007265095253471101,6149,2,2022-01-17 04:35:08.823,2022-01-17 09:00:09.451
318,2021-04-24T00:00:00.000,2332,21,0.009005145797598629,2311,0,2022-01-17 04:35:08.823,2022-01-17 09:00:09.452
319,2021-04-25T00:00:00.000,2028,21,0.010360138135175136,2006,1,2022-01-17 04:35:08.823,2022-01-17 09:00:09.454
320,2021-04-26T00:00:00.000,7505,49,0.006530721044915367,7454,2,2022-01-17 04:35:08.823,2022-01-17 09:00:09.456
321,2021-04-28T00:00:00.000,6045,41,0.006788079470198676,5999,5,2022-01-17 04:35:08.823,2022-01-17 09:00:09.458
322,2021-04-30T00:00:00.000,5313,46,0.008664531926916557,5263,4,2022-01-17 04:35:08.823,2022-01-17 09:00:09.459
323,2021-05-07T00:00:00.000,5383,29,0.005388331475287997,5353,1,2022-01-17 04:35:08.823,2022-01-17 09:00:09.461
324,2021-05-09T00:00:00.000,1575,24,0.015238095238095238,1551,0,2022-01-17 04:35:08.823,2022-01-17 09:00:09.463
325,2021-05-15T00:00:00.000,1723,9,0.00522344747533372,1714,0,2022-01-17 04:35:08.823,2022-01-17 09:00:09.465
326,2021-05-17T00:00:00.000,5350,22,0.00411522633744856,5324,4,2022-01-17 04:35:08.823,2022-01-17 09:00:09.466
327,2021-05-18T00:00:00.000,4650,24,0.005162400516240052,4625,1,2022-01-17 04:35:08.823,2022-01-17 09:00:09.468
328,2021-05-20T00:00:00.000,4398,30,0.006822833750284285,4367,1,2022-01-17 04:35:08.823,2022-01-17 09:00:09.470
329,2021-05-21T00:00:00.000,4157,21,0.0050553683196918634,4133,3,2022-01-17 04:35:08.823,2022-01-17 09:00:09.471
330,2021-05-24T00:00:00.000,4812,20,0.004160599126274184,4787,5,2022-01-17 04:35:08.823,2022-01-17 09:00:09.473
331,2021-05-25T00:00:00.000,4887,24,0.004912998976458547,4861,2,2022-01-17 04:35:08.823,2022-01-17 09:00:09.475
332,2021-06-04T00:00:00.000,3393,18,0.005305039787798408,3375,0,2022-01-17 04:35:08.823,2022-01-17 09:00:09.476
333,2021-06-05T00:00:00.000,1710,11,0.006432748538011696,1699,0,2022-01-17 04:35:08.823,2022-01-17 09:00:09.478
334,2021-06-11T00:00:00.000,3304,14,0.004238570996064184,3289,1,2022-01-17 04:35:08.823,2022-01-17 09:00:09.480
335,2021-06-14T00:00:00.000,3783,19,0.005025125628140704,3762,2,2022-01-17 04:35:08.823,2022-01-17 09:00:09.482
336,2021-06-21T00:00:00.000,3631,26,0.007162534435261708,3604,1,2022-01-17 04:35:08.823,2022-01-17 09:00:09.483
337,2021-06-23T00:00:00.000,3299,23,0.006971809639284632,3276,0,2022-01-17 04:35:08.823,2022-01-17 09:00:09.485
338,2021-06-24T00:00:00.000,3034,24,0.007910349373764008,3010,0,2022-01-17 04:35:08.823,2022-01-17 09:00:09.487
339,2021-06-25T00:00:00.000,2661,14,0.005263157894736842,2646,1,2022-01-17 04:35:08.823,2022-01-17 09:00:09.488
340,2020-03-02T00:00:00.000,2,0,0.0,2,0,2022-01-17 04:35:08.823,2022-01-17 09:00:09.490
341,2020-03-12T00:00:00.000,192,9,0.046875,183,0,2022-01-17 04:35:08.823,2022-01-17 09:00:09.492
342,2020-03-14T00:00:00.000,153,10,0.06535947712418301,143,0,2022-01-17 04:35:08.823,2022-01-17 09:00:09.494
343,2020-03-17T00:00:00.000,338,30,0.08875739644970414,308,0,2022-01-17 04:35:08.823,2022-01-17 09:00:09.495
344,2020-03-18T00:00:00.000,325,26,0.08024691358024691,298,1,2022-01-17 04:35:08.823,2022-01-17 09:00:09.497
345,2020-03-19T00:00:00.000,295,22,0.07457627118644068,273,0,2022-01-17 04:35:08.823,2022-01-17 09:00:09.499
346,2020-03-20T00:00:00.000,321,38,0.11875,282,1,2022-01-17 04:35:08.823,2022-01-17 09:00:09.501
347,2020-03-22T00:00:00.000,143,28,0.1958041958041958,115,0,2022-01-17 04:35:08.823,2022-01-17 09:00:09.502
348,2020-03-26T00:00:00.000,418,44,0.10526315789473684,374,0,2022-01-17 04:35:08.823,2022-01-17 09:00:09.504
349,2020-03-28T00:00:00.000,304,22,0.07236842105263158,282,0,2022-01-17 04:35:08.823,2022-01-17 09:00:09.506
350,2020-03-31T00:00:00.000,401,60,0.14962593516209477,341,0,2022-01-17 04:35:08.823,2022-01-17 09:00:09.508
351,2020-04-01T00:00:00.000,415,44,0.10653753026634383,369,2,2022-01-17 04:35:08.823,2022-01-17 09:00:09.509
352,2020-04-02T00:00:00.000,440,45,0.10297482837528604,392,3,2022-01-17 04:35:08.823,2022-01-17 09:00:09.511
353,2020-04-08T00:00:00.000,514,80,0.1556420233463035,434,0,2022-01-17 04:35:08.823,2022-01-17 09:00:09.513
354,2020-04-09T00:00:00.000,602,87,0.145,513,2,2022-01-17 04:35:08.823,2022-01-17 09:00:09.515
355,2020-04-10T00:00:00.000,564,43,0.07624113475177305,521,0,2022-01-17 04:35:08.823,2022-01-17 09:00:09.517
356,2020-04-14T00:00:00.000,567,63,0.1111111111111111,504,0,2022-01-17 04:35:08.823,2022-01-17 09:00:09.518
357,2020-04-18T00:00:00.000,287,21,0.07368421052631578,264,2,2022-01-17 04:35:08.823,2022-01-17 09:00:09.520
358,2020-04-19T00:00:00.000,299,45,0.1505016722408027,254,0,2022-01-17 04:35:08.823,2022-01-17 09:00:09.522
359,2020-04-20T00:00:00.000,675,62,0.09185185185185185,613,0,2022-01-17 04:35:08.823,2022-01-17 09:00:09.523
360,2020-04-23T00:00:00.000,1199,65,0.05443886097152429,1129,5,2022-01-17 04:35:08.823,2022-01-17 09:00:09.525
361,2020-04-25T00:00:00.000,1872,61,0.03260288615713522,1810,1,2022-01-17 04:35:08.823,2022-01-17 09:00:09.529
362,2020-04-29T00:00:00.000,1401,98,0.07050359712230216,1292,11,2022-01-17 04:35:08.823,2022-01-17 09:00:09.531
363,2020-05-02T00:00:00.000,964,56,0.058151609553478714,907,1,2022-01-17 04:35:08.823,2022-01-17 09:00:09.533
364,2020-05-05T00:00:00.000,1384,62,0.04483007953723789,1321,1,2022-01-17 04:35:08.823,2022-01-17 09:00:09.535
365,2020-05-15T00:00:00.000,1751,50,0.02857142857142857,1700,1,2022-01-17 04:35:08.823,2022-01-17 09:00:09.536
366,2020-05-17T00:00:00.000,441,14,0.031746031746031744,427,0,2022-01-17 04:35:08.823,2022-01-17 09:00:09.539
367,2020-05-20T00:00:00.000,1970,50,0.025393600812595226,1919,1,2022-01-17 04:35:08.823,2022-01-17 09:00:09.541
368,2020-05-23T00:00:00.000,1303,22,0.016897081413210446,1280,1,2022-01-17 04:35:08.823,2022-01-17 09:00:09.543
369,2020-05-26T00:00:00.000,2243,57,0.025435073627844713,2184,2,2022-01-17 04:35:08.823,2022-01-17 09:00:09.545
370,2020-05-27T00:00:00.000,2226,46,0.020674157303370785,2179,1,2022-01-17 04:35:08.823,2022-01-17 09:00:09.547
371,2020-05-31T00:00:00.000,1470,32,0.021783526208304968,1437,1,2022-01-17 04:35:08.823,2022-01-17 09:00:09.548
372,2020-06-02T00:00:00.000,2843,57,0.02007042253521127,2783,3,2022-01-17 04:35:08.823,2022-01-17 09:00:09.550
373,2020-06-04T00:00:00.000,2569,49,0.019095869056897894,2517,3,2022-01-17 04:35:08.823,2022-01-17 09:00:09.552
374,2020-06-08T00:00:00.000,3295,41,0.012443095599393019,3254,0,2022-01-17 04:35:08.823,2022-01-17 09:00:09.554
375,2020-06-09T00:00:00.000,3613,43,0.01190146692499308,3570,0,2022-01-17 04:35:08.823,2022-01-17 09:00:09.556
376,2020-06-12T00:00:00.000,3357,39,0.011652225873916941,3308,10,2022-01-17 04:35:08.823,2022-01-17 09:00:09.557
377,2020-06-16T00:00:00.000,3118,55,0.017645171639396856,3062,1,2022-01-17 04:35:08.823,2022-01-17 09:00:09.559
378,2020-06-23T00:00:00.000,3632,91,0.025214740925464118,3518,23,2022-01-17 04:35:08.823,2022-01-17 09:00:09.561
379,2020-06-29T00:00:00.000,4018,93,0.023232575568323758,3910,15,2022-01-17 04:35:08.823,2022-01-17 09:00:09.562
380,2020-07-03T00:00:00.000,2782,115,0.04139668826493881,2663,4,2022-01-17 04:35:08.823,2022-01-17 09:00:09.564
381,2020-07-11T00:00:00.000,2470,77,0.031186715269339815,2392,1,2022-01-17 04:35:08.823,2022-01-17 09:00:09.566
382,2020-07-17T00:00:00.000,4310,189,0.04388205247271883,4118,3,2022-01-17 04:35:08.823,2022-01-17 09:00:09.568
383,2020-07-21T00:00:00.000,5110,161,0.03153770812928502,4944,5,2022-01-17 04:35:08.823,2022-01-17 09:00:09.569
384,2020-07-24T00:00:00.000,4438,151,0.034055029318899414,4283,4,2022-01-17 04:35:08.823,2022-01-17 09:00:09.571
385,2020-07-26T00:00:00.000,2240,80,0.03577817531305903,2156,4,2022-01-17 04:35:08.823,2022-01-17 09:00:09.573
386,2020-07-29T00:00:00.000,4891,175,0.03585330874820734,4706,10,2022-01-17 04:35:08.823,2022-01-17 09:00:09.575
387,2020-08-03T00:00:00.000,5227,137,0.026265337423312884,5079,11,2022-01-17 04:35:08.823,2022-01-17 09:00:09.576
388,2020-08-11T00:00:00.000,4989,126,0.025341914722445697,4846,17,2022-01-17 04:35:08.823,2022-01-17 09:00:09.578
389,2020-08-12T00:00:00.000,5318,166,0.031326665408567655,5133,19,2022-01-17 04:35:08.823,2022-01-17 09:00:09.580
390,2020-08-15T00:00:00.000,2368,82,0.03471634208298052,2280,6,2022-01-17 04:35:08.823,2022-01-17 09:00:09.581
391,2020-08-16T00:00:00.000,1986,46,0.02319717599596571,1937,3,2022-01-17 04:35:08.823,2022-01-17 09:00:09.586
392,2020-08-21T00:00:00.000,4416,96,0.021882835650786414,4291,29,2022-01-17 04:35:08.823,2022-01-17 09:00:09.588
393,2020-08-22T00:00:00.000,2435,53,0.02182866556836903,2375,7,2022-01-17 04:35:08.823,2022-01-17 09:00:09.591
394,2020-08-24T00:00:00.000,4362,109,0.025,4251,2,2022-01-17 04:35:08.823,2022-01-17 09:00:09.592
395,2020-08-29T00:00:00.000,2516,55,0.021991203518592562,2446,15,2022-01-17 04:35:08.823,2022-01-17 09:00:09.594
396,2020-09-08T00:00:00.000,5327,88,0.01655379984951091,5228,11,2022-01-17 04:35:08.823,2022-01-17 09:00:09.596
397,2020-09-09T00:00:00.000,5102,82,0.01608789484010202,5015,5,2022-01-17 04:35:08.823,2022-01-17 09:00:09.597
398,2020-09-14T00:00:00.000,4594,108,0.023529411764705882,4482,4,2022-01-17 04:35:08.823,2022-01-17 09:00:09.599
399,2020-09-17T00:00:00.000,5055,70,0.013858641853098397,4981,4,2022-01-17 04:35:08.823,2022-01-17 09:00:09.607
400,2020-09-22T00:00:00.000,5461,62,0.011365719523373053,5393,6,2022-01-17 04:35:08.823,2022-01-17 09:00:09.609
401,2020-09-23T00:00:00.000,5922,81,0.013710223425863236,5827,14,2022-01-17 04:35:08.823,2022-01-17 09:00:09.611
402,2020-09-27T00:00:00.000,2419,37,0.015320910973084885,2378,4,2022-01-17 04:35:08.823,2022-01-17 09:00:09.612
403,2020-10-02T00:00:00.000,5511,38,0.006896551724137931,5472,1,2022-01-17 04:35:08.823,2022-01-17 09:00:09.614
404,2020-10-05T00:00:00.000,6540,40,0.006154793045083859,6459,41,2022-01-17 04:35:08.823,2022-01-17 09:00:09.616
405,2020-10-09T00:00:00.000,6155,48,0.0078010726474890294,6105,2,2022-01-17 04:35:08.823,2022-01-17 09:00:09.617
406,2020-10-11T00:00:00.000,2753,24,0.00872093023255814,2728,1,2022-01-17 04:35:08.823,2022-01-17 09:00:09.619
407,2020-10-12T00:00:00.000,5636,55,0.009767359261232463,5576,5,2022-01-17 04:35:08.823,2022-01-17 09:00:09.621
408,2020-10-14T00:00:00.000,6380,39,0.006115728398933668,6338,3,2022-01-17 04:35:08.823,2022-01-17 09:00:09.622
409,2020-10-17T00:00:00.000,2690,30,0.011206574523720583,2647,13,2022-01-17 04:35:08.823,2022-01-17 09:00:09.624
410,2020-10-19T00:00:00.000,6679,51,0.007670326364866897,6598,30,2022-01-17 04:35:08.823,2022-01-17 09:00:09.625
411,2020-10-20T00:00:00.000,6601,48,0.007272727272727273,6552,1,2022-01-17 04:35:08.823,2022-01-17 09:00:09.627
412,2020-10-26T00:00:00.000,6937,67,0.009661139149242971,6868,2,2022-01-17 04:35:08.823,2022-01-17 09:00:09.629
413,2020-10-28T00:00:00.000,7172,75,0.010461710140884364,7094,3,2022-01-17 04:35:08.823,2022-01-17 09:00:09.630
414,2020-10-29T00:00:00.000,7019,59,0.008409350057012543,6957,3,2022-01-17 04:35:08.823,2022-01-17 09:00:09.632
415,2020-11-11T00:00:00.000,5984,118,0.019745649263721552,5858,8,2022-01-17 04:35:08.823,2022-01-17 09:00:09.634
416,2020-11-13T00:00:00.000,6575,136,0.020697001978389896,6435,4,2022-01-17 04:35:08.823,2022-01-17 09:00:09.635
417,2020-11-25T00:00:00.000,6897,192,0.027862429255550717,6699,6,2022-01-17 04:35:08.823,2022-01-17 09:00:09.637
418,2020-12-01T00:00:00.000,11648,356,0.03061049011177988,11274,18,2022-01-17 04:35:08.823,2022-01-17 09:00:09.639
419,2020-12-07T00:00:00.000,10341,386,0.03738860906625339,9938,17,2022-01-17 04:35:08.823,2022-01-17 09:00:09.640
420,2020-12-10T00:00:00.000,9852,394,0.04006508033353671,9440,18,2022-01-17 04:35:08.823,2022-01-17 09:00:09.642
421,2020-12-13T00:00:00.000,3830,162,0.04236401673640167,3662,6,2022-01-17 04:35:08.823,2022-01-17 09:00:09.644
422,2020-12-15T00:00:00.000,10679,452,0.04239354717688989,10210,17,2022-01-17 04:35:08.823,2022-01-17 09:00:09.645
423,2020-12-18T00:00:00.000,10165,377,0.03715017737485219,9771,17,2022-01-17 04:35:08.823,2022-01-17 09:00:09.647
424,2020-12-19T00:00:00.000,5654,176,0.031178033658104516,5469,9,2022-01-17 04:35:08.823,2022-01-17 09:00:09.649
425,2020-12-22T00:00:00.000,11136,396,0.0356147135533771,10723,17,2022-01-17 04:35:08.823,2022-01-17 09:00:09.650
426,2020-12-25T00:00:00.000,1280,93,0.07288401253918496,1183,4,2022-01-17 04:35:08.823,2022-01-17 09:00:09.652
427,2020-12-28T00:00:00.000,9860,487,0.049451665312753856,9361,12,2022-01-17 04:35:08.823,2022-01-17 09:00:09.654
428,2020-12-29T00:00:00.000,9962,524,0.052705693019513174,9418,20,2022-01-17 04:35:08.823,2022-01-17 09:00:09.655
429,2020-12-30T00:00:00.000,9238,452,0.049050461204557784,8763,23,2022-01-17 04:35:08.823,2022-01-17 09:00:09.657
430,2021-01-02T00:00:00.000,5353,302,0.05651197604790419,5042,9,2022-01-17 04:35:08.823,2022-01-17 09:00:09.659
431,2021-01-04T00:00:00.000,11564,655,0.05673943173943174,10889,20,2022-01-17 04:35:08.823,2022-01-17 09:00:09.661
432,2021-01-05T00:00:00.000,10911,523,0.04803453343130051,10365,23,2022-01-17 04:35:08.823,2022-01-17 09:00:09.663
433,2021-01-07T00:00:00.000,10962,533,0.04873811265544989,10403,26,2022-01-17 04:35:08.823,2022-01-17 09:00:09.664
434,2021-01-08T00:00:00.000,9939,444,0.044740024183796856,9480,15,2022-01-17 04:35:08.823,2022-01-17 09:00:09.666
435,2021-01-15T00:00:00.000,8433,398,0.04727402304311676,8021,14,2022-01-17 04:35:08.823,2022-01-17 09:00:09.668
436,2021-01-17T00:00:00.000,3477,147,0.042375324300951284,3322,8,2022-01-17 04:35:08.823,2022-01-17 09:00:09.669
437,2021-01-20T00:00:00.000,9231,285,0.030907710660448975,8936,10,2022-01-17 04:35:08.823,2022-01-17 09:00:09.671
438,2021-01-27T00:00:00.000,6746,177,0.026296241271727826,6554,15,2022-01-17 04:35:08.823,2022-01-17 09:00:09.673
439,2021-01-28T00:00:00.000,7747,184,0.023803363518758086,7546,17,2022-01-17 04:35:08.823,2022-01-17 09:00:09.674
440,2021-01-29T00:00:00.000,7020,192,0.027389443651925822,6818,10,2022-01-17 04:35:08.823,2022-01-17 09:00:09.676
441,2021-01-31T00:00:00.000,2247,115,0.05133928571428571,2125,7,2022-01-17 04:35:08.823,2022-01-17 09:00:09.683
442,2021-02-03T00:00:00.000,8448,219,0.025950942054745824,8220,9,2022-01-17 04:35:08.823,2022-01-17 09:00:09.685
443,2021-02-08T00:00:00.000,8172,165,0.020225545476832557,7993,14,2022-01-17 04:35:08.823,2022-01-17 09:00:09.687
444,2021-02-13T00:00:00.000,3137,62,0.01978933929141398,3071,4,2022-01-17 04:35:08.823,2022-01-17 09:00:09.688
445,2021-02-25T00:00:00.000,7141,86,0.012053258584442887,7049,6,2022-01-17 04:35:08.823,2022-01-17 09:00:09.690
446,2021-03-07T00:00:00.000,1996,30,0.015037593984962405,1965,1,2022-01-17 04:35:08.823,2022-01-17 09:00:09.692
447,2021-03-08T00:00:00.000,7335,63,0.0085995085995086,7263,9,2022-01-17 04:35:08.823,2022-01-17 09:00:09.693
448,2021-03-09T00:00:00.000,7287,50,0.006869075422448139,7229,8,2022-01-17 04:35:08.823,2022-01-17 09:00:09.695
449,2021-03-10T00:00:00.000,7187,37,0.005158232259863377,7136,14,2022-01-17 04:35:08.823,2022-01-17 09:00:09.697
450,2021-03-15T00:00:00.000,6593,49,0.007438894792773645,6538,6,2022-01-17 04:35:08.823,2022-01-17 09:00:09.698
451,2021-03-19T00:00:00.000,6189,67,0.010834411384217335,6117,5,2022-01-17 04:35:08.823,2022-01-17 09:00:09.700
452,2021-03-27T00:00:00.000,2593,31,0.011978361669242658,2557,5,2022-01-17 04:35:08.823,2022-01-17 09:00:09.702
453,2021-03-29T00:00:00.000,6945,66,0.00950734658599827,6876,3,2022-01-17 04:35:08.823,2022-01-17 09:00:09.703
454,2021-03-31T00:00:00.000,6087,67,0.01101249178172255,6017,3,2022-01-17 04:35:08.823,2022-01-17 09:00:09.705
455,2021-04-03T00:00:00.000,2321,35,0.015086206896551725,2285,1,2022-01-17 04:35:08.823,2022-01-17 09:00:09.707
456,2021-04-07T00:00:00.000,6307,63,0.009995240361732508,6240,4,2022-01-17 04:35:08.823,2022-01-17 09:00:09.708
457,2021-04-08T00:00:00.000,5811,61,0.01050275482093664,5747,3,2022-01-17 04:35:08.823,2022-01-17 09:00:09.710
458,2021-04-09T00:00:00.000,5623,48,0.008542445274959957,5571,4,2022-01-17 04:35:08.823,2022-01-17 09:00:09.712
459,2021-04-21T00:00:00.000,5929,34,0.005737428282146473,5892,3,2022-01-17 04:35:08.823,2022-01-17 09:00:09.713
460,2021-04-23T00:00:00.000,5516,29,0.005264113269195862,5480,7,2022-01-17 04:35:08.823,2022-01-17 09:00:09.715
461,2021-04-27T00:00:00.000,6524,26,0.003985896060095048,6497,1,2022-01-17 04:35:08.823,2022-01-17 09:00:09.717
462,2021-04-29T00:00:00.000,5559,48,0.008642419877565718,5506,5,2022-01-17 04:35:08.823,2022-01-17 09:00:09.718
463,2021-05-01T00:00:00.000,1792,26,0.014508928571428572,1766,0,2022-01-17 04:35:08.823,2022-01-17 09:00:09.720
464,2021-05-02T00:00:00.000,1521,15,0.009868421052631578,1505,1,2022-01-17 04:35:08.823,2022-01-17 09:00:09.721
465,2021-05-05T00:00:00.000,5793,27,0.004664017965106236,5762,4,2022-01-17 04:35:08.823,2022-01-17 09:00:09.724
466,2021-05-06T00:00:00.000,5423,29,0.0053475935828877,5394,0,2022-01-17 04:35:08.823,2022-01-17 09:00:09.725
467,2021-05-12T00:00:00.000,4490,27,0.0060187249219794915,4459,4,2022-01-17 04:35:08.823,2022-01-17 09:00:09.727
468,2021-05-13T00:00:00.000,4713,29,0.006155805561451921,4682,2,2022-01-17 04:35:08.823,2022-01-17 09:00:09.729
469,2021-05-14T00:00:00.000,4119,22,0.005343696866650474,4095,2,2022-01-17 04:35:08.823,2022-01-17 09:00:09.730
470,2021-05-16T00:00:00.000,1703,12,0.007054673721340388,1689,2,2022-01-17 04:35:08.823,2022-01-17 09:00:09.732
471,2021-05-19T00:00:00.000,4743,28,0.005904681568958245,4714,1,2022-01-17 04:35:08.823,2022-01-17 09:00:09.734
472,2021-05-22T00:00:00.000,1769,12,0.006787330316742082,1756,1,2022-01-17 04:35:08.823,2022-01-17 09:00:09.735
473,2021-05-28T00:00:00.000,3713,15,0.004039859951521681,3698,0,2022-01-17 04:35:08.823,2022-01-17 09:00:09.737
474,2021-05-29T00:00:00.000,1713,9,0.005253940455341506,1704,0,2022-01-17 04:35:08.823,2022-01-17 09:00:09.739
475,2021-05-30T00:00:00.000,1459,15,0.0102880658436214,1443,1,2022-01-17 04:35:08.823,2022-01-17 09:00:09.740
476,2021-05-31T00:00:00.000,1962,14,0.007135575942915392,1948,0,2022-01-17 04:35:08.823,2022-01-17 09:00:09.742
477,2021-06-01T00:00:00.000,4996,32,0.006406406406406407,4963,1,2022-01-17 04:35:08.823,2022-01-17 09:00:09.744
478,2021-06-03T00:00:00.000,3804,26,0.006838506049447659,3776,2,2022-01-17 04:35:08.823,2022-01-17 09:00:09.746
479,2021-06-07T00:00:00.000,4039,19,0.0047052996532937095,4019,1,2022-01-17 04:35:08.823,2022-01-17 09:00:09.747
480,2021-06-09T00:00:00.000,4027,17,0.004222553402881272,4009,1,2022-01-17 04:35:08.823,2022-01-17 09:00:09.749
481,2021-06-12T00:00:00.000,1813,11,0.006067291781577496,1802,0,2022-01-17 04:35:08.823,2022-01-17 09:00:09.751
482,2021-06-13T00:00:00.000,1543,7,0.004536616979909268,1536,0,2022-01-17 04:35:08.823,2022-01-17 09:00:09.753
483,2021-06-15T00:00:00.000,3533,14,0.003964882469555367,3517,2,2022-01-17 04:35:08.823,2022-01-17 09:00:09.754
484,2021-06-16T00:00:00.000,3436,17,0.004947613504074505,3419,0,2022-01-17 04:35:08.823,2022-01-17 09:00:09.756
485,2021-06-17T00:00:00.000,3164,21,0.006641366223908918,3141,2,2022-01-17 04:35:08.823,2022-01-17 09:00:09.758
486,2021-06-19T00:00:00.000,1571,6,0.0038192234245703373,1565,0,2022-01-17 04:35:08.823,2022-01-17 09:00:09.759
487,2021-06-30T00:00:00.000,3647,47,0.012890839275918815,3599,1,2022-01-17 04:35:08.823,2022-01-17 09:00:09.761
488,2021-07-01T00:00:00.000,3522,50,0.014204545454545454,3470,2,2022-01-17 04:35:08.823,2022-01-17 09:00:09.763
489,2021-07-02T00:00:00.000,2996,45,0.015035081857667892,2948,3,2022-01-17 04:35:08.823,2022-01-17 09:00:09.764
490,2021-07-03T00:00:00.000,1839,43,0.023420479302832243,1793,3,2022-01-17 04:35:08.823,2022-01-17 09:00:09.766
491,2021-07-04T00:00:00.000,924,18,0.01950162513542795,905,1,2022-01-17 04:35:08.823,2022-01-17 09:00:09.767
492,2021-07-07T00:00:00.000,3661,104,0.028423066411587865,3555,2,2022-01-17 04:35:08.823,2022-01-17 09:00:09.769
493,2021-07-10T00:00:00.000,1821,81,0.04452996151731721,1738,2,2022-01-17 04:35:08.823,2022-01-17 09:00:09.772
494,2021-07-13T00:00:00.000,4352,155,0.03565677478720957,4192,5,2022-01-17 04:35:08.823,2022-01-17 09:00:09.774
495,2021-07-17T00:00:00.000,2817,132,0.046908315565031986,2682,3,2022-01-17 04:35:08.823,2022-01-17 09:00:09.776
496,2021-07-18T00:00:00.000,1702,86,0.05055849500293945,1615,1,2022-01-17 04:35:08.823,2022-01-17 09:00:09.778
497,2021-07-24T00:00:00.000,2853,185,0.06495786516853932,2663,5,2022-01-17 04:35:08.823,2022-01-17 09:00:09.779
498,2021-07-27T00:00:00.000,6966,396,0.05691290600747341,6562,8,2022-01-17 04:35:08.823,2022-01-17 09:00:09.781
499,2021-07-29T00:00:00.000,7389,529,0.07170936695133523,6848,12,2022-01-17 04:35:08.823,2022-01-17 09:00:09.783
500,2021-07-30T00:00:00.000,6765,328,0.04859979256186102,6421,16,2022-01-17 04:35:08.823,2022-01-17 09:00:09.784
501,2021-07-31T00:00:00.000,3645,259,0.07113430376270255,3382,4,2022-01-17 04:35:08.823,2022-01-17 09:00:09.786
502,2021-08-02T00:00:00.000,7848,434,0.05540661304736372,7399,15,2022-01-17 04:35:08.823,2022-01-17 09:00:09.788
503,2021-08-11T00:00:00.000,7928,328,0.04144030322173089,7587,13,2022-01-17 04:35:08.823,2022-01-17 09:00:09.789
504,2021-08-15T00:00:00.000,2542,139,0.05485398579321231,2395,8,2022-01-17 04:35:08.823,2022-01-17 09:00:09.791
505,2021-08-16T00:00:00.000,7655,310,0.040559989532905925,7333,12,2022-01-17 04:35:08.823,2022-01-17 09:00:09.793
506,2021-08-17T00:00:00.000,7754,274,0.03538223140495868,7470,10,2022-01-17 04:35:08.823,2022-01-17 09:00:09.795
507,2021-08-18T00:00:00.000,7974,249,0.031265695630336515,7715,10,2022-01-17 04:35:08.823,2022-01-17 09:00:09.796
508,2021-08-20T00:00:00.000,6735,204,0.030352626097306948,6517,14,2022-01-17 04:35:08.823,2022-01-17 09:00:09.798
509,2021-08-21T00:00:00.000,3492,110,0.031545741324921134,3377,5,2022-01-17 04:35:08.823,2022-01-17 09:00:09.800
510,2021-07-14T00:00:00.000,4483,164,0.03660714285714286,4316,3,2022-01-17 04:35:08.823,2022-01-17 09:00:09.801
511,2021-07-16T00:00:00.000,4184,169,0.0404209519253767,4012,3,2022-01-17 04:35:08.823,2022-01-17 09:00:09.816
512,2021-07-21T00:00:00.000,5824,300,0.05155525004296271,5519,5,2022-01-17 04:35:08.823,2022-01-17 09:00:09.818
513,2021-07-23T00:00:00.000,4997,280,0.05606728073688426,4714,3,2022-01-17 04:35:08.823,2022-01-17 09:00:09.820
514,2021-07-28T00:00:00.000,6697,477,0.07133243606998654,6210,10,2022-01-17 04:35:08.823,2022-01-17 09:00:09.822
515,2021-08-13T00:00:00.000,6662,287,0.043170878459687125,6361,14,2022-01-17 04:35:08.823,2022-01-17 09:00:09.823
516,2021-08-14T00:00:00.000,3563,171,0.04810126582278481,3384,8,2022-01-17 04:35:08.823,2022-01-17 09:00:09.825
517,2021-08-22T00:00:00.000,2601,97,0.03729334871203383,2504,0,2022-01-17 04:35:08.823,2022-01-17 09:00:09.827
518,2021-08-23T00:00:00.000,7997,217,0.02716234822881462,7772,8,2022-01-17 04:35:08.823,2022-01-17 09:00:09.829
519,2021-08-26T00:00:00.000,8608,216,0.025136739206330735,8377,15,2022-01-17 04:35:08.823,2022-01-17 09:00:09.831
520,2021-08-27T00:00:00.000,6678,159,0.023956606900708152,6478,41,2022-01-17 04:35:08.823,2022-01-17 09:00:09.833
521,2021-08-28T00:00:00.000,3370,82,0.024346793349168647,3286,2,2022-01-17 04:35:08.823,2022-01-17 09:00:09.835
522,2021-09-02T00:00:00.000,8047,147,0.01829951450267646,7886,14,2022-01-17 04:35:08.823,2022-01-17 09:00:09.837
523,2021-09-03T00:00:00.000,6093,147,0.024169681025978298,5935,11,2022-01-17 04:35:08.823,2022-01-17 09:00:09.839
524,2021-09-05T00:00:00.000,2351,80,0.034028073160357296,2271,0,2022-01-17 04:35:08.823,2022-01-17 09:00:09.840
525,2021-09-06T00:00:00.000,3083,81,0.02628163530175211,3001,1,2022-01-17 04:35:08.823,2022-01-17 09:00:09.842
526,2021-09-09T00:00:00.000,8019,189,0.023598451741790486,7820,10,2022-01-17 04:35:08.823,2022-01-17 09:00:09.850
527,2021-09-10T00:00:00.000,6446,162,0.025147469729897547,6280,4,2022-01-17 04:35:08.823,2022-01-17 09:00:09.852
528,2021-09-15T00:00:00.000,7227,156,0.02160066463583495,7066,5,2022-01-17 04:35:08.823,2022-01-17 09:00:09.854
529,2021-09-16T00:00:00.000,7188,151,0.021039431517347083,7026,11,2022-01-17 04:35:08.823,2022-01-17 09:00:09.856
530,2021-09-19T00:00:00.000,2728,78,0.028602860286028604,2649,1,2022-01-17 04:35:08.823,2022-01-17 09:00:09.857
531,2021-09-23T00:00:00.000,8139,128,0.01574028529267093,8004,7,2022-01-17 04:35:08.823,2022-01-17 09:00:09.859
532,2021-09-24T00:00:00.000,6152,107,0.017415364583333332,6037,8,2022-01-17 04:35:08.823,2022-01-17 09:00:09.861
533,2021-09-27T00:00:00.000,7729,144,0.01865043388162155,7577,8,2022-01-17 04:35:08.823,2022-01-17 09:00:09.863
534,2021-09-28T00:00:00.000,7504,96,0.0128,7404,4,2022-01-17 04:35:08.823,2022-01-17 09:00:09.864
535,2021-09-30T00:00:00.000,7210,144,0.019988895058300944,7060,6,2022-01-17 04:35:08.823,2022-01-17 09:00:09.866
536,2021-10-02T00:00:00.000,2458,50,0.02035002035002035,2407,1,2022-01-17 04:35:08.823,2022-01-17 09:00:09.868
537,2021-10-04T00:00:00.000,7282,111,0.01525982952983228,7163,8,2022-01-17 04:35:08.823,2022-01-17 09:00:09.870
538,2021-10-05T00:00:00.000,7281,118,0.016211017996977606,7161,2,2022-01-17 04:35:08.823,2022-01-17 09:00:09.873
539,2021-10-07T00:00:00.000,6515,93,0.014283520196590386,6418,4,2022-01-17 04:35:08.823,2022-01-17 09:00:09.874
540,2021-10-16T00:00:00.000,2152,40,0.018613308515588647,2109,3,2022-01-17 04:35:08.823,2022-01-17 09:00:09.876
541,2021-10-21T00:00:00.000,6072,74,0.012195121951219513,5994,4,2022-01-17 04:35:08.823,2022-01-17 09:00:09.878
542,2021-10-24T00:00:00.000,1281,17,0.01327088212334114,1264,0,2022-01-17 04:35:08.823,2022-01-17 09:00:09.879
543,2021-10-30T00:00:00.000,2012,56,0.027860696517412936,1954,2,2022-01-17 04:35:08.823,2022-01-17 09:00:09.881
544,2021-10-31T00:00:00.000,1651,30,0.01818181818181818,1620,1,2022-01-17 04:35:08.823,2022-01-17 09:00:09.883
545,2021-11-01T00:00:00.000,6120,76,0.01241830065359477,6044,0,2022-01-17 04:35:08.823,2022-01-17 09:00:09.884
546,2021-11-02T00:00:00.000,6632,95,0.014335295005281424,6532,5,2022-01-17 04:35:08.823,2022-01-17 09:00:09.886
547,2021-11-03T00:00:00.000,7727,138,0.017864077669902913,7587,2,2022-01-17 04:35:08.823,2022-01-17 09:00:09.887
548,2021-11-05T00:00:00.000,5302,130,0.024542193694544082,5167,5,2022-01-17 04:35:08.823,2022-01-17 09:00:09.889
549,2021-11-07T00:00:00.000,2083,43,0.020673076923076922,2037,3,2022-01-17 04:35:08.823,2022-01-17 09:00:09.891
550,2021-11-11T00:00:00.000,4511,107,0.02371979605409,4404,0,2022-01-17 04:35:08.823,2022-01-17 09:00:09.892
551,2021-11-12T00:00:00.000,4828,75,0.01554726368159204,4749,4,2022-01-17 04:35:08.823,2022-01-17 09:00:09.894
552,2021-11-14T00:00:00.000,1755,34,0.019417475728155338,1717,4,2022-01-17 04:35:08.823,2022-01-17 09:00:09.896
553,2021-11-16T00:00:00.000,6089,87,0.014304505097007564,5995,7,2022-01-17 04:35:08.823,2022-01-17 09:00:09.898
554,2021-11-22T00:00:00.000,6381,76,0.01191409311804358,6303,2,2022-01-17 04:35:08.823,2022-01-17 09:00:09.899
555,2021-11-28T00:00:00.000,2294,38,0.016564952048823016,2256,0,2022-01-17 04:35:08.823,2022-01-17 09:00:09.901
556,2021-11-29T00:00:00.000,7199,100,0.013908205841446454,7090,9,2022-01-17 04:35:08.823,2022-01-17 09:00:09.903
557,2021-12-01T00:00:00.000,7992,126,0.0157677387060443,7865,1,2022-01-17 04:35:08.823,2022-01-17 09:00:09.904
558,2021-12-09T00:00:00.000,6521,141,0.021645686214307645,6373,7,2022-01-17 04:35:08.823,2022-01-17 09:00:09.906
559,2021-12-10T00:00:00.000,5839,122,0.020897567660157587,5716,1,2022-01-17 04:35:08.823,2022-01-17 09:00:09.908
560,2021-12-11T00:00:00.000,2968,86,0.029054054054054056,2874,8,2022-01-17 04:35:08.823,2022-01-17 09:00:09.909
561,2021-12-20T00:00:00.000,9570,699,0.07325508279186753,8843,28,2022-01-17 04:35:08.823,2022-01-17 09:00:09.911
562,2021-12-24T00:00:00.000,5377,654,0.12187849422288483,4712,11,2022-01-17 04:35:08.823,2022-01-17 09:00:09.913
563,2021-12-27T00:00:00.000,10611,1925,0.18211920529801323,8645,41,2022-01-17 04:35:08.823,2022-01-17 09:00:09.914
564,2021-12-28T00:00:00.000,12504,2183,0.1754118119726798,10262,59,2022-01-17 04:35:08.823,2022-01-17 09:00:09.916
565,2021-12-31T00:00:00.000,6943,1157,0.16712407915643507,5766,20,2022-01-17 04:35:08.823,2022-01-17 09:00:09.917
566,2022-01-11T00:00:00.000,10496,1752,0.16780001915525333,8689,55,2022-01-17 04:35:08.823,2022-01-17 09:00:09.919
567,2022-01-12T00:00:00.000,12806,2216,0.17474962542386246,10465,125,2022-01-17 04:35:08.823,2022-01-17 09:00:09.921
568,2021-08-25T00:00:00.000,8544,229,0.026833841106163582,8305,10,2022-01-17 04:35:08.823,2022-01-17 09:00:09.923
569,2021-08-30T00:00:00.000,8933,179,0.020062766195920196,8743,11,2022-01-17 04:35:08.823,2022-01-17 09:00:09.925
570,2021-09-01T00:00:00.000,8486,164,0.01934418494928049,8314,8,2022-01-17 04:35:08.823,2022-01-17 09:00:09.926
571,2021-09-08T00:00:00.000,8861,175,0.0197650779308787,8679,7,2022-01-17 04:35:08.823,2022-01-17 09:00:09.928
572,2021-09-14T00:00:00.000,8229,163,0.019822449227775752,8060,6,2022-01-17 04:35:08.823,2022-01-17 09:00:09.930
573,2021-09-20T00:00:00.000,9224,128,0.01388587546105446,9090,6,2022-01-17 04:35:08.823,2022-01-17 09:00:09.931
574,2021-09-25T00:00:00.000,2915,65,0.022313765877102643,2848,2,2022-01-17 04:35:08.823,2022-01-17 09:00:09.945
575,2021-09-26T00:00:00.000,2376,52,0.021885521885521887,2324,0,2022-01-17 04:35:08.823,2022-01-17 09:00:09.947
576,2021-09-29T00:00:00.000,7927,131,0.0165341411081661,7792,4,2022-01-17 04:35:08.823,2022-01-17 09:00:09.949
577,2021-10-01T00:00:00.000,5457,128,0.02348623853211009,5322,7,2022-01-17 04:35:08.823,2022-01-17 09:00:09.951
578,2021-10-06T00:00:00.000,7273,136,0.018712162905888827,7132,5,2022-01-17 04:35:08.823,2022-01-17 09:00:09.952
579,2021-10-10T00:00:00.000,2077,42,0.020221473278767454,2035,0,2022-01-17 04:35:08.823,2022-01-17 09:00:09.954
580,2021-10-12T00:00:00.000,7630,98,0.012852459016393442,7527,5,2022-01-17 04:35:08.823,2022-01-17 09:00:09.956
581,2021-10-13T00:00:00.000,7564,84,0.011111111111111112,7476,4,2022-01-17 04:35:08.823,2022-01-17 09:00:09.995
582,2021-10-15T00:00:00.000,5129,78,0.015216543113538821,5048,3,2022-01-17 04:35:08.823,2022-01-17 09:00:09.997
583,2021-10-17T00:00:00.000,1882,32,0.01702127659574468,1848,2,2022-01-17 04:35:08.823,2022-01-17 09:00:09.999
584,2021-10-19T00:00:00.000,6583,80,0.012163600425726015,6497,6,2022-01-17 04:35:08.823,2022-01-17 09:00:10.001
585,2021-10-20T00:00:00.000,7374,102,0.013836136733586543,7270,2,2022-01-17 04:35:08.823,2022-01-17 09:00:10.002
586,2021-10-23T00:00:00.000,2112,50,0.023685457129322594,2061,1,2022-01-17 04:35:08.823,2022-01-17 09:00:10.004
587,2021-10-25T00:00:00.000,6185,84,0.013592233009708738,6096,5,2022-01-17 04:35:08.823,2022-01-17 09:00:10.006
588,2021-11-04T00:00:00.000,6552,124,0.018931297709923665,6426,2,2022-01-17 04:35:08.823,2022-01-17 09:00:10.007
589,2021-11-06T00:00:00.000,2342,71,0.030328919265271252,2270,1,2022-01-17 04:35:08.823,2022-01-17 09:00:10.009
590,2021-11-08T00:00:00.000,6551,101,0.015422201862879828,6448,2,2022-01-17 04:35:08.823,2022-01-17 09:00:10.011
591,2021-11-10T00:00:00.000,6898,105,0.015235055136390018,6787,6,2022-01-17 04:35:08.823,2022-01-17 09:00:10.012
592,2021-11-18T00:00:00.000,5676,86,0.015162200282087448,5586,4,2022-01-17 04:35:08.823,2022-01-17 09:00:10.014
593,2021-11-19T00:00:00.000,5246,75,0.014304787335494945,5168,3,2022-01-17 04:35:08.823,2022-01-17 09:00:10.016
594,2021-11-23T00:00:00.000,5716,80,0.014005602240896359,5632,4,2022-01-17 04:35:08.823,2022-01-17 09:00:10.018
595,2021-11-25T00:00:00.000,754,16,0.021220159151193633,738,0,2022-01-17 04:35:08.823,2022-01-17 09:00:10.019
596,2021-11-30T00:00:00.000,7215,138,0.01914273824386184,7071,6,2022-01-17 04:35:08.823,2022-01-17 09:00:10.021
597,2021-12-03T00:00:00.000,5854,105,0.017942583732057416,5747,2,2022-01-17 04:35:08.823,2022-01-17 09:00:10.023
598,2021-12-04T00:00:00.000,2757,68,0.024727272727272726,2682,7,2022-01-17 04:35:08.823,2022-01-17 09:00:10.024
599,2021-12-07T00:00:00.000,6891,131,0.019026870007262164,6754,6,2022-01-17 04:35:08.823,2022-01-17 09:00:10.026
600,2021-12-12T00:00:00.000,2552,75,0.029400235201881616,2476,1,2022-01-17 04:35:08.823,2022-01-17 09:00:10.032
601,2021-12-15T00:00:00.000,8804,347,0.03943629957949767,8452,5,2022-01-17 04:35:08.823,2022-01-17 09:00:10.034
602,2021-12-16T00:00:00.000,8330,379,0.04553646521686892,7944,7,2022-01-17 04:35:08.823,2022-01-17 09:00:10.036
603,2021-12-21T00:00:00.000,11208,1044,0.09341445955619183,10132,32,2022-01-17 04:35:08.823,2022-01-17 09:00:10.037
604,2021-12-22T00:00:00.000,11557,1171,0.10149952327294791,10366,20,2022-01-17 04:35:08.823,2022-01-17 09:00:10.040
605,2021-12-23T00:00:00.000,11538,1353,0.1174785100286533,10164,21,2022-01-17 04:35:08.823,2022-01-17 09:00:10.042
606,2022-01-01T00:00:00.000,1837,358,0.19541484716157206,1474,5,2022-01-17 04:35:08.823,2022-01-17 09:00:10.043
607,2022-01-02T00:00:00.000,7388,1261,0.17147130813162906,6093,34,2022-01-17 04:35:08.823,2022-01-17 09:00:10.045
608,2022-01-03T00:00:00.000,18121,3217,0.17846444025296793,14809,95,2022-01-17 04:35:08.823,2022-01-17 09:00:10.047
609,2022-01-07T00:00:00.000,16628,3014,0.18205980066445182,13541,73,2022-01-17 04:35:08.823,2022-01-17 09:00:10.049
610,2022-01-08T00:00:00.000,7290,1551,0.21529705719044975,5653,86,2022-01-17 04:35:08.823,2022-01-17 09:00:10.050
611,2022-01-09T00:00:00.000,6246,1348,0.21762996448175653,4846,52,2022-01-17 04:35:08.823,2022-01-17 09:00:10.053
612,2021-06-26T00:00:00.000,1628,19,0.01167076167076167,1609,0,2022-01-17 04:35:08.823,2022-01-17 09:00:10.055
613,2021-06-29T00:00:00.000,3650,50,0.013709898546750754,3597,3,2022-01-17 04:35:08.823,2022-01-17 09:00:10.056
614,2021-07-05T00:00:00.000,1555,19,0.012234385061171926,1534,2,2022-01-17 04:35:08.823,2022-01-17 09:00:10.059
615,2021-07-09T00:00:00.000,3400,105,0.030927835051546393,3290,5,2022-01-17 04:35:08.823,2022-01-17 09:00:10.061
616,2021-07-12T00:00:00.000,3899,137,0.03515524762637927,3760,2,2022-01-17 04:35:08.823,2022-01-17 09:00:10.063
617,2021-07-15T00:00:00.000,4497,214,0.047640249332146035,4278,5,2022-01-17 04:35:08.823,2022-01-17 09:00:10.064
618,2021-07-19T00:00:00.000,4986,221,0.04435079269516356,4762,3,2022-01-17 04:35:08.823,2022-01-17 09:00:10.066
619,2021-07-20T00:00:00.000,5269,282,0.05365296803652968,4974,13,2022-01-17 04:35:08.823,2022-01-17 09:00:10.067
620,2021-07-22T00:00:00.000,6062,289,0.04773703336636934,5765,8,2022-01-17 04:35:08.823,2022-01-17 09:00:10.069
621,2021-07-25T00:00:00.000,2211,133,0.060180995475113123,2077,1,2022-01-17 04:35:08.823,2022-01-17 09:00:10.071
622,2021-07-26T00:00:00.000,6267,335,0.053531479705976354,5923,9,2022-01-17 04:35:08.823,2022-01-17 09:00:10.073
623,2021-08-01T00:00:00.000,2774,173,0.06243233489714904,2598,3,2022-01-17 04:35:08.823,2022-01-17 09:00:10.074
624,2021-08-03T00:00:00.000,8334,410,0.04924924924924925,7915,9,2022-01-17 04:35:08.823,2022-01-17 09:00:10.076
625,2021-08-04T00:00:00.000,8146,435,0.05346607669616519,7701,10,2022-01-17 04:35:08.823,2022-01-17 09:00:10.078
626,2021-08-05T00:00:00.000,8283,407,0.049231885811056,7860,16,2022-01-17 04:35:08.823,2022-01-17 09:00:10.079
627,2021-08-06T00:00:00.000,6856,342,0.04999269112702821,6499,15,2022-01-17 04:35:08.823,2022-01-17 09:00:10.081
628,2021-08-07T00:00:00.000,3489,199,0.05711825487944891,3285,5,2022-01-17 04:35:08.823,2022-01-17 09:00:10.083
629,2021-08-08T00:00:00.000,2514,168,0.06701236537694455,2339,7,2022-01-17 04:35:08.823,2022-01-17 09:00:10.084
630,2021-08-09T00:00:00.000,8012,358,0.044710877981765956,7649,5,2022-01-17 04:35:08.823,2022-01-17 09:00:10.086
631,2021-08-10T00:00:00.000,8044,334,0.041573313417973615,7700,10,2022-01-17 04:35:08.823,2022-01-17 09:00:10.087
632,2021-08-12T00:00:00.000,7979,320,0.04020100502512563,7640,19,2022-01-17 04:35:08.823,2022-01-17 09:00:10.089
633,2021-08-19T00:00:00.000,7944,282,0.035556676333375364,7649,13,2022-01-17 04:35:08.823,2022-01-17 09:00:10.091
634,2021-08-24T00:00:00.000,7803,200,0.02569703199280483,7583,20,2022-01-17 04:35:08.823,2022-01-17 09:00:10.092
635,2021-08-29T00:00:00.000,2566,83,0.03239656518345043,2479,4,2022-01-17 04:35:08.823,2022-01-17 09:00:10.094
636,2021-08-31T00:00:00.000,7928,186,0.02347891946478162,7736,6,2022-01-17 04:35:08.823,2022-01-17 09:00:10.096
637,2021-09-04T00:00:00.000,2961,84,0.028426395939086295,2871,6,2022-01-17 04:35:08.823,2022-01-17 09:00:10.097
638,2021-09-07T00:00:00.000,9247,188,0.020344118601882913,9053,6,2022-01-17 04:35:08.823,2022-01-17 09:00:10.102
639,2021-09-11T00:00:00.000,2994,99,0.03311036789297659,2891,4,2022-01-17 04:35:08.823,2022-01-17 09:00:10.104
640,2021-09-12T00:00:00.000,2522,61,0.024235200635677395,2456,5,2022-01-17 04:35:08.823,2022-01-17 09:00:10.105
641,2021-09-13T00:00:00.000,7807,154,0.019738528582414764,7648,5,2022-01-17 04:35:08.823,2022-01-17 09:00:10.107
642,2021-09-17T00:00:00.000,7047,131,0.018597387847813743,6913,3,2022-01-17 04:35:08.823,2022-01-17 09:00:10.108
643,2021-09-18T00:00:00.000,3465,83,0.023960739030023093,3381,1,2022-01-17 04:35:08.823,2022-01-17 09:00:10.110
644,2021-09-21T00:00:00.000,9080,123,0.013556706712223079,8950,7,2022-01-17 04:35:08.823,2022-01-17 09:00:10.112
645,2021-09-22T00:00:00.000,8926,133,0.014905300907766447,8790,3,2022-01-17 04:35:08.823,2022-01-17 09:00:10.113
646,2021-10-03T00:00:00.000,2087,44,0.02111324376199616,2040,3,2022-01-17 04:35:08.823,2022-01-17 09:00:10.115
647,2021-10-08T00:00:00.000,5373,87,0.016201117318435754,5283,3,2022-01-17 04:35:08.823,2022-01-17 09:00:10.117
648,2021-10-09T00:00:00.000,2391,50,0.020911752404851526,2341,0,2022-01-17 04:35:08.823,2022-01-17 09:00:10.118
649,2021-10-11T00:00:00.000,5605,79,0.014117226590421729,5517,9,2022-01-17 04:35:08.823,2022-01-17 09:00:10.120
650,2021-10-14T00:00:00.000,6558,68,0.010376926598504501,6485,5,2022-01-17 04:35:08.823,2022-01-17 09:00:10.122
651,2021-10-18T00:00:00.000,6794,83,0.012225659154514656,6706,5,2022-01-17 04:35:08.823,2022-01-17 09:00:10.123
652,2021-10-22T00:00:00.000,5006,62,0.012387612387612388,4943,1,2022-01-17 04:35:08.823,2022-01-17 09:00:10.125
653,2021-10-26T00:00:00.000,6319,82,0.012982900569981,6234,3,2022-01-17 04:35:08.823,2022-01-17 09:00:10.127
654,2021-10-27T00:00:00.000,6848,104,0.015195791934541203,6740,4,2022-01-17 04:35:08.823,2022-01-17 09:00:10.128
655,2021-10-28T00:00:00.000,5815,85,0.014624913971094288,5727,3,2022-01-17 04:35:08.823,2022-01-17 09:00:10.130
656,2021-10-29T00:00:00.000,4820,65,0.013493875856342121,4752,3,2022-01-17 04:35:08.823,2022-01-17 09:00:10.131
657,2021-11-09T00:00:00.000,6097,83,0.013619954053167049,6011,3,2022-01-17 04:35:08.823,2022-01-17 09:00:10.133
658,2021-11-13T00:00:00.000,2141,50,0.023353573096683792,2091,0,2022-01-17 04:35:08.823,2022-01-17 09:00:10.135
659,2021-11-15T00:00:00.000,5977,87,0.014558232931726908,5889,1,2022-01-17 04:35:08.823,2022-01-17 09:00:10.136
660,2021-11-17T00:00:00.000,6895,106,0.015386848599216142,6783,6,2022-01-17 04:35:08.823,2022-01-17 09:00:10.138
661,2021-11-20T00:00:00.000,2389,52,0.021775544388609715,2336,1,2022-01-17 04:35:08.823,2022-01-17 09:00:10.139
662,2021-11-21T00:00:00.000,2206,46,0.020861678004535148,2159,1,2022-01-17 04:35:08.823,2022-01-17 09:00:10.141
663,2021-11-24T00:00:00.000,3888,82,0.021095960895292,3805,1,2022-01-17 04:35:08.823,2022-01-17 09:00:10.143
664,2021-11-26T00:00:00.000,2536,57,0.022485207100591716,2478,1,2022-01-17 04:35:08.823,2022-01-17 09:00:10.144
665,2021-11-27T00:00:00.000,2314,48,0.020752269779507133,2265,1,2022-01-17 04:35:08.823,2022-01-17 09:00:10.146
666,2021-12-02T00:00:00.000,6977,108,0.015488312060805965,6865,4,2022-01-17 04:35:08.823,2022-01-17 09:00:10.151
667,2021-12-05T00:00:00.000,2344,60,0.02560819462227913,2283,1,2022-01-17 04:35:08.823,2022-01-17 09:00:10.153
668,2021-12-06T00:00:00.000,7230,110,0.015220700152207,7117,3,2022-01-17 04:35:08.823,2022-01-17 09:00:10.155
669,2021-12-08T00:00:00.000,7905,132,0.016721560678996706,7762,11,2022-01-17 04:35:08.823,2022-01-17 09:00:10.156
670,2021-12-13T00:00:00.000,6205,149,0.02403225806451613,6051,5,2022-01-17 04:35:08.823,2022-01-17 09:00:10.158
671,2021-12-14T00:00:00.000,7671,287,0.03744292237442922,7378,6,2022-01-17 04:35:08.823,2022-01-17 09:00:10.160
672,2021-12-17T00:00:00.000,8443,380,0.045077105575326216,8050,13,2022-01-17 04:35:08.823,2022-01-17 09:00:10.161
673,2021-12-18T00:00:00.000,4501,296,0.06588025817939017,4197,8,2022-01-17 04:35:08.823,2022-01-17 09:00:10.163
674,2021-12-19T00:00:00.000,3841,272,0.07087024491922876,3566,3,2022-01-17 04:35:08.823,2022-01-17 09:00:10.164
675,2021-12-25T00:00:00.000,1087,133,0.12246777163904236,953,1,2022-01-17 04:35:08.823,2022-01-17 09:00:10.166
676,2021-12-26T00:00:00.000,5638,996,0.17725573945541911,4623,19,2022-01-17 04:35:08.823,2022-01-17 09:00:10.168
677,2021-12-29T00:00:00.000,11724,2075,0.17798936352719164,9583,66,2022-01-17 04:35:08.823,2022-01-17 09:00:10.169
678,2021-12-30T00:00:00.000,13479,2371,0.17654504839910648,11059,49,2022-01-17 04:35:08.823,2022-01-17 09:00:10.171
679,2022-01-04T00:00:00.000,17568,3602,0.20619382906863587,13867,99,2022-01-17 04:35:08.823,2022-01-17 09:00:10.172
680,2022-01-05T00:00:00.000,18110,3559,0.1978541249722037,14429,122,2022-01-17 04:35:08.823,2022-01-17 09:00:10.174
681,2022-01-06T00:00:00.000,17319,3379,0.19599767981438515,13861,79,2022-01-17 04:35:08.823,2022-01-17 09:00:10.177
682,2022-01-10T00:00:00.000,13400,1970,0.14767616191904048,11370,60,2022-01-17 04:35:08.823,2022-01-17 09:00:10.178
