,date,tavg,tmin,tmax,prcp,snow,wdir,wspd,wpgt,pres,tsun
0,2020-03-01,10.4,6.7,15.6,0.0,0.0,324.6,19.1,,1015.4,
1,2020-03-02,15.0,12.8,21.1,0.0,0.0,334.5,23.0,,1017.1,
2,2020-03-03,16.3,10.0,23.9,0.0,0.0,307.1,10.1,,1016.8,
3,2020-03-04,14.6,9.4,23.3,0.0,0.0,321.8,8.3,,1017.7,
4,2020-03-05,14.0,9.4,16.7,0.0,0.0,267.3,10.8,,1019.9,
5,2020-03-06,12.9,9.4,15.0,0.0,0.0,221.1,16.2,,1015.6,
6,2020-03-07,11.0,9.4,13.3,2.0,0.0,237.7,11.2,,1013.9,
7,2020-03-08,10.7,7.8,15.0,0.0,0.0,,7.9,,,
8,2020-03-09,12.5,9.4,18.9,0.0,0.0,39.0,6.1,,1018.5,
9,2020-03-10,14.9,10.0,21.7,0.0,,38.8,8.6,,1016.3,
10,2020-03-11,16.2,10.0,21.1,0.0,,306.9,16.2,,1016.8,
11,2020-03-12,13.0,8.3,21.1,0.0,,301.7,14.8,,1011.5,
12,2020-03-13,13.1,8.3,17.2,0.0,,229.2,19.8,,1008.3,
13,2020-03-14,11.3,9.4,12.2,11.7,,222.7,14.8,,1014.4,
14,2020-03-15,10.9,8.3,13.3,5.1,,214.3,17.3,,1014.1,
15,2020-03-16,9.3,6.7,12.8,3.3,,81.5,13.7,,1013.1,
16,2020-03-17,9.3,6.7,13.3,0.3,,240.2,11.2,,1014.3,
17,2020-03-18,10.2,8.3,13.9,0.3,,206.7,12.6,,1012.3,
18,2020-03-19,11.4,8.3,16.1,0.0,,290.9,9.7,,1016.3,
19,2020-03-20,11.8,6.7,17.2,0.0,,299.8,9.0,,1021.6,
20,2020-03-21,12.8,8.3,16.7,0.0,,4.1,8.6,,1020.5,
21,2020-03-22,13.3,9.4,18.9,0.0,,304.3,8.3,,1018.0,
22,2020-03-23,12.5,10.0,15.6,0.0,,245.0,15.5,,1019.4,
23,2020-03-24,11.4,8.3,13.3,3.3,,206.1,14.8,,1020.4,
24,2020-03-25,10.5,6.7,13.9,1.5,,262.7,19.4,,1018.5,
25,2020-03-26,9.9,5.0,15.0,0.0,,304.8,18.4,,1018.0,
26,2020-03-27,11.4,8.3,15.0,0.0,,265.2,23.4,,1021.0,
27,2020-03-28,12.1,10.0,14.4,1.0,,169.2,9.7,,1022.1,
28,2020-03-29,12.1,10.0,15.6,5.1,,153.7,11.5,,1020.1,
29,2020-03-30,13.0,9.4,17.2,0.0,,274.2,11.2,,1025.3,
30,2020-03-31,13.3,10.6,18.3,0.0,,282.3,18.4,,1022.4,
31,2020-04-01,12.7,9.4,15.6,0.0,,276.2,25.9,,1016.2,
32,2020-04-02,11.8,6.7,17.2,0.0,,277.2,23.0,,1018.5,
33,2020-04-03,11.8,8.3,16.7,0.0,,275.0,26.3,,1017.7,
34,2020-04-04,11.4,9.4,15.0,7.4,,221.7,17.6,,1011.8,
35,2020-04-05,11.8,8.3,14.4,10.4,,219.5,15.5,,1005.0,
36,2020-04-06,9.6,6.7,10.6,16.8,,289.3,9.4,,1011.4,
37,2020-04-07,9.3,6.1,17.8,0.0,,249.1,15.1,,1018.1,
38,2020-04-08,12.8,10.0,16.7,0.0,,226.5,13.0,,1014.6,
39,2020-04-09,13.3,10.0,18.3,0.0,,233.0,11.2,,1016.1,
40,2020-04-10,14.5,11.7,17.2,0.0,,275.4,21.2,,1017.7,
41,2020-04-11,12.8,11.1,16.7,0.0,,246.8,15.5,,1017.3,
42,2020-04-12,12.7,11.1,16.7,0.0,,240.3,13.3,,1017.0,
43,2020-04-13,13.1,8.3,20.0,0.0,,290.5,13.7,,1020.1,
44,2020-04-14,14.7,8.3,25.0,0.0,,309.6,11.5,,1022.3,
45,2020-04-15,16.1,10.0,22.8,0.0,,298.3,13.7,,1017.8,
46,2020-04-16,13.3,11.1,16.7,0.0,,249.5,15.8,,1013.3,
47,2020-04-17,13.3,10.0,16.7,0.0,,216.9,16.2,,1014.2,
48,2020-04-18,14.3,12.2,18.3,0.0,,226.3,14.8,,1017.7,
49,2020-04-19,14.3,11.1,18.3,0.0,,254.2,13.0,,1018.3,
50,2020-04-20,14.1,12.2,16.7,0.0,,265.3,20.9,,1019.8,
51,2020-04-21,13.6,11.1,18.3,0.0,,274.9,25.6,,1023.4,
52,2020-04-22,14.3,10.0,21.1,0.0,,274.6,24.5,,1024.7,
53,2020-04-23,15.3,12.2,21.7,0.0,,280.8,29.9,,1022.6,
54,2020-04-24,15.9,11.1,22.8,0.0,,291.9,20.2,,1019.1,
55,2020-04-25,17.2,11.1,25.6,0.0,,287.7,19.8,,1017.2,
56,2020-04-26,15.1,11.1,20.0,0.0,,285.5,28.8,,1017.5,
57,2020-04-27,15.3,11.1,21.7,0.0,,274.7,32.4,,1019.6,
58,2020-04-28,16.0,11.1,21.1,0.0,,287.5,23.4,,1018.2,
59,2020-04-29,14.0,11.7,18.3,0.0,,269.5,28.4,,1017.2,
60,2020-04-30,14.1,11.1,19.4,0.0,,272.9,30.6,,1019.3,
61,2020-05-01,14.3,11.1,20.6,0.0,,273.3,25.6,,1018.8,
62,2020-05-02,15.4,11.7,20.6,0.0,,265.2,16.9,,1019.8,
63,2020-05-03,14.6,10.0,18.3,0.0,,271.2,24.1,,1021.4,
64,2020-05-04,13.6,8.3,22.8,0.0,,287.4,21.2,,1021.1,
65,2020-05-05,14.7,11.1,20.0,0.0,,278.3,28.1,,1020.6,
66,2020-05-06,15.5,12.8,22.8,0.0,,287.9,23.4,,1020.9,
67,2020-05-07,17.0,11.1,28.9,0.0,,306.1,16.9,,1014.4,
68,2020-05-08,16.4,10.6,27.8,0.0,,309.6,18.4,,1011.5,
69,2020-05-09,13.7,10.0,18.9,0.0,,281.8,21.6,,1012.9,
70,2020-05-10,14.3,10.0,21.7,0.0,,235.5,13.0,,1013.5,
71,2020-05-11,15.4,12.8,22.2,0.0,,178.7,24.5,,1013.6,
72,2020-05-12,15.4,12.2,18.3,0.5,,231.0,16.6,,1015.5,
73,2020-05-13,14.7,11.1,18.9,0.0,,208.2,14.4,,1017.5,
74,2020-05-14,15.7,12.8,19.4,0.0,,218.3,13.7,,1019.3,
75,2020-05-15,16.1,12.8,19.4,0.0,,273.7,25.9,,1019.0,
76,2020-05-16,16.1,12.8,22.8,0.0,,256.3,19.1,,1014.3,
77,2020-05-17,18.4,12.8,22.8,4.1,,189.9,19.4,,1010.1,
78,2020-05-18,15.9,12.8,19.4,1.3,,239.5,16.9,,1012.9,
79,2020-05-19,15.2,11.7,18.9,0.0,,257.3,26.3,,1017.0,
80,2020-05-20,14.8,12.8,19.4,0.0,,268.4,23.8,,1019.6,
81,2020-05-21,15.0,11.1,21.1,0.0,,303.3,22.7,,1016.7,
82,2020-05-22,14.7,11.1,19.4,0.0,,267.9,30.2,,1013.7,
83,2020-05-23,15.2,10.0,23.3,0.0,,299.0,17.3,,1014.3,
84,2020-05-24,15.4,10.0,26.7,0.0,,308.6,16.6,,1014.3,
85,2020-05-25,18.7,12.8,32.2,0.0,,311.0,15.8,,1011.8,
86,2020-05-26,20.2,13.3,31.7,0.0,,307.4,15.5,,1010.9,
87,2020-05-27,21.4,12.8,25.6,0.0,,295.2,23.0,,1011.5,
88,2020-05-28,15.1,11.1,19.4,0.0,,296.7,24.1,,1012.4,
89,2020-05-29,15.8,12.8,21.7,0.0,,265.1,18.0,,1011.8,
90,2020-05-30,18.2,14.4,21.7,0.5,,214.3,15.1,,1013.0,
91,2020-05-31,16.5,12.8,19.4,0.0,,276.8,15.5,,1014.9,
92,2020-06-01,16.5,12.8,22.2,0.0,,287.5,19.4,,1015.5,
93,2020-06-02,18.5,13.3,30.6,0.0,,308.8,16.2,,1014.8,
94,2020-06-03,21.1,14.4,31.7,0.0,,307.3,18.4,,1013.3,
95,2020-06-04,18.8,12.8,26.1,0.0,,297.1,18.7,,1008.2,
96,2020-06-05,15.6,12.8,17.8,0.0,,244.2,25.2,,1009.7,
97,2020-06-06,15.0,12.8,18.9,0.0,,266.2,31.3,,1015.0,
98,2020-06-07,14.9,11.1,18.9,0.0,,275.4,34.9,,1019.7,
99,2020-06-08,15.8,11.1,22.8,0.0,,286.7,22.0,,1021.8,
100,2020-06-09,17.1,11.1,27.8,0.0,,304.3,19.4,,1020.3,
101,2020-06-10,17.7,12.8,25.6,0.0,,293.7,22.3,,1016.8,
102,2020-06-11,17.4,12.8,26.1,0.0,,285.9,23.0,,1015.5,
103,2020-06-12,16.5,13.3,19.4,0.0,,266.4,29.2,,1017.8,
104,2020-06-13,15.9,12.8,20.0,0.0,,267.4,24.5,,1018.5,
105,2020-06-14,17.1,14.4,21.1,0.0,,299.5,18.4,,1016.4,
106,2020-06-15,16.3,12.8,21.1,0.0,,277.1,31.0,,1016.3,
107,2020-06-16,15.9,11.7,20.0,0.0,,279.6,33.5,,1015.9,
108,2020-06-17,17.7,12.2,27.8,0.0,,310.5,15.8,,1014.4,
109,2020-06-18,19.7,12.8,30.0,0.0,,319.4,16.9,,1011.9,
110,2020-06-19,18.2,12.8,22.8,0.0,,322.8,18.4,,1012.2,
111,2020-06-20,16.1,12.8,22.8,0.0,,324.5,14.8,,1015.0,
112,2020-06-21,16.4,12.8,20.6,0.0,,295.9,22.7,,1014.5,
113,2020-06-22,16.9,12.8,24.4,0.0,,319.6,14.8,,1013.5,
114,2020-06-23,17.7,14.4,23.3,0.0,,326.7,15.8,,1012.3,
115,2020-06-24,17.4,14.4,22.8,0.0,,326.1,18.0,,1009.4,
116,2020-06-25,16.7,12.8,21.7,0.0,,311.4,16.9,,1008.7,
117,2020-06-26,17.3,14.4,21.7,0.0,,319.4,18.7,,1011.2,
118,2020-06-27,17.2,13.3,23.3,0.0,,317.2,18.7,,1010.5,
119,2020-06-28,15.7,12.8,19.4,0.0,,256.4,24.1,,1007.6,
120,2020-06-29,17.0,12.8,25.0,0.0,,310.1,16.9,,1010.8,
121,2020-06-30,17.7,12.8,25.0,0.0,,310.6,18.4,,1012.5,
122,2020-07-01,16.2,12.8,25.0,0.0,,330.8,12.2,,1009.9,
123,2020-07-02,16.4,12.8,21.1,0.0,,245.7,11.5,,1011.7,
124,2020-07-03,16.1,12.8,20.0,0.0,,272.5,18.0,,1015.9,
125,2020-07-04,16.6,11.7,26.1,0.0,,289.0,21.6,,1016.4,
126,2020-07-05,17.6,12.8,22.2,0.0,,300.4,32.0,,1015.3,
127,2020-07-06,16.0,12.8,19.4,0.0,,277.9,40.3,,1014.6,
128,2020-07-07,15.6,11.1,21.7,0.0,,288.5,28.8,,1014.0,
129,2020-07-08,16.0,11.7,22.8,0.0,,285.0,20.2,,1011.9,
130,2020-07-09,16.3,11.7,23.3,0.0,,312.9,23.0,,1012.2,
131,2020-07-10,15.8,11.1,22.8,0.0,,307.9,25.6,,1015.6,
132,2020-07-11,16.9,11.7,24.4,0.0,,307.0,23.0,,1015.4,
133,2020-07-12,17.4,12.2,24.4,0.0,,304.5,24.1,,1012.7,
134,2020-07-13,16.8,12.8,22.8,0.0,,292.4,20.5,,1011.6,
135,2020-07-14,16.5,12.8,23.9,0.0,,248.7,10.8,,1012.7,
136,2020-07-15,17.4,14.4,22.8,0.0,,310.5,13.3,,1012.5,
137,2020-07-16,17.3,13.3,23.3,0.0,,315.2,18.4,,1012.4,
138,2020-07-17,17.5,14.4,24.4,0.0,,293.6,10.8,,1013.7,
139,2020-07-18,18.2,14.4,23.9,0.0,,327.6,16.6,,1014.5,
140,2020-07-19,17.5,14.4,23.3,0.0,,306.3,18.4,,1015.0,
141,2020-07-20,16.9,12.8,20.6,0.0,,284.3,23.4,,1015.3,
142,2020-07-21,16.2,12.8,21.7,0.0,,274.5,17.6,,1011.9,
143,2020-07-22,17.1,14.4,23.3,0.0,,213.9,13.7,,1010.4,
144,2020-07-23,17.1,13.3,22.8,0.0,,287.5,18.0,,1012.6,
145,2020-07-24,15.8,12.8,20.0,0.0,,271.3,21.2,,1013.1,
146,2020-07-25,16.8,13.3,23.3,0.0,,337.1,11.5,,1012.5,
147,2020-07-26,17.7,14.4,21.7,0.0,,314.6,19.4,,1013.4,
148,2020-07-27,16.5,12.8,21.7,0.0,,306.2,23.8,,1013.2,
149,2020-07-28,15.9,12.8,20.6,0.0,,303.8,24.1,,1012.7,
150,2020-07-29,15.7,12.8,21.1,0.0,,307.1,24.5,,1013.0,
151,2020-07-30,16.3,12.8,20.0,0.0,,294.5,24.1,,1015.5,
152,2020-07-31,15.4,12.8,20.0,0.0,,293.9,19.8,,1016.6,
153,2020-08-01,16.4,13.3,20.0,0.0,,297.7,23.0,,1016.4,
154,2020-08-02,16.5,12.8,21.1,0.0,,298.6,22.3,,1016.6,
155,2020-08-03,18.0,14.4,23.9,0.0,,293.4,30.2,,1016.3,
156,2020-08-04,17.0,14.4,21.7,0.0,,275.4,25.9,,1015.0,
157,2020-08-05,16.5,14.4,18.9,0.0,,267.5,27.4,,1014.3,
158,2020-08-06,17.4,14.4,25.0,0.0,,283.2,19.8,,1012.7,
159,2020-08-07,17.9,14.4,25.6,0.0,,332.6,13.7,,1013.0,
160,2020-08-08,17.9,14.4,25.0,0.0,,301.6,13.7,,1013.8,
161,2020-08-09,17.7,14.4,22.8,0.0,,310.7,16.6,,1012.8,
162,2020-08-10,17.7,13.9,22.8,0.0,,318.4,16.9,,1012.4,
163,2020-08-11,17.9,14.4,25.0,0.0,,307.8,17.6,,1013.0,
164,2020-08-12,17.8,13.3,21.7,0.0,,307.8,19.1,,1012.9,
165,2020-08-13,18.1,13.3,30.0,0.0,,317.6,13.7,,1012.6,
166,2020-08-14,23.6,16.7,37.2,0.0,,335.1,13.7,,1011.3,
167,2020-08-15,25.5,18.9,34.4,0.0,,316.6,18.0,,1010.9,
168,2020-08-16,24.4,17.8,30.0,1.0,,299.9,23.8,,1011.6,
169,2020-08-17,20.6,16.7,27.8,0.3,,305.9,20.5,,1013.6,
170,2020-08-18,20.2,16.1,28.9,0.0,,310.8,19.4,,1013.9,
171,2020-08-19,20.4,16.1,26.7,0.0,,306.7,22.7,,1012.8,
172,2020-08-20,17.8,12.8,25.0,0.0,,304.3,27.7,,1011.8,
173,2020-08-21,19.1,14.4,26.7,0.0,,305.3,24.8,,1010.9,
174,2020-08-22,19.1,13.3,26.1,0.0,,309.3,19.8,,1010.8,
175,2020-08-23,18.0,14.4,24.4,0.0,,304.6,19.8,,1010.7,
176,2020-08-24,17.7,14.4,24.4,0.0,,301.6,19.1,,1010.1,
177,2020-08-25,17.3,14.4,21.7,0.0,,315.1,19.8,,1011.5,
178,2020-08-26,16.0,12.8,18.9,0.0,,288.9,21.2,,1010.8,
179,2020-08-27,15.3,12.8,20.0,0.0,,291.9,19.1,,1009.8,
180,2020-08-28,15.4,12.8,19.4,0.0,,306.1,16.9,,1009.5,
181,2020-08-29,16.2,13.3,22.2,0.0,,324.6,11.9,,1010.8,
182,2020-08-30,16.8,13.3,21.1,0.0,,318.3,14.8,,1010.6,
183,2020-08-31,16.3,13.3,21.7,0.0,,328.3,15.5,,1010.1,
184,2020-09-01,16.6,14.4,22.2,0.0,,296.8,10.4,,1013.6,
185,2020-09-02,17.5,14.4,21.7,0.0,,285.0,18.7,,1016.8,
186,2020-09-03,16.4,14.4,19.4,0.0,,286.7,23.8,,1016.9,
187,2020-09-04,16.6,13.9,22.2,0.0,,294.2,22.3,,1015.4,
188,2020-09-05,19.8,14.4,33.9,0.0,,335.0,10.4,,1013.9,
189,2020-09-06,26.1,20.0,38.9,0.0,,326.4,13.3,,1013.0,
190,2020-09-07,27.6,17.2,36.1,0.0,,331.6,16.9,,1008.5,
191,2020-09-08,20.1,14.4,26.1,0.0,,305.4,21.2,,1005.0,
192,2020-09-09,16.8,14.4,18.9,0.0,,315.5,6.1,,1009.9,
193,2020-09-10,16.7,14.4,19.4,0.0,,316.4,9.0,,1015.7,
194,2020-09-11,16.6,12.8,23.3,0.0,,318.5,12.2,,1016.1,
195,2020-09-12,16.5,12.8,24.4,0.0,,317.3,16.2,,1013.0,
196,2020-09-13,15.4,12.8,19.4,0.0,,301.6,20.9,,1013.2,
197,2020-09-14,16.1,12.8,20.6,0.0,,296.1,17.6,,1015.7,
198,2020-09-15,18.1,15.6,22.8,0.0,,300.2,19.4,,1017.5,
199,2020-09-16,19.7,17.8,26.1,0.0,,318.1,14.8,,1016.7,
200,2020-09-17,19.3,16.1,22.8,0.0,,307.8,17.3,,1014.8,
201,2020-09-18,19.6,16.1,23.9,0.0,,299.8,16.9,,1015.5,
202,2020-09-19,18.9,16.1,26.1,0.0,,295.7,20.9,,1014.6,
203,2020-09-20,19.5,14.4,28.3,0.0,,313.5,15.5,,1011.8,
204,2020-09-21,17.8,13.3,25.0,0.0,,299.2,20.2,,1012.8,
205,2020-09-22,18.2,15.0,22.8,0.0,,280.2,22.7,,1016.9,
206,2020-09-23,18.6,14.4,25.0,0.0,,295.0,21.2,,1018.4,
207,2020-09-24,19.6,16.1,26.1,0.0,,293.1,22.0,,1016.9,
208,2020-09-25,18.2,16.1,22.2,0.0,,281.2,26.6,,1016.2,
209,2020-09-26,18.4,14.4,25.0,0.0,,291.5,22.0,,1016.0,
210,2020-09-27,21.3,16.1,32.8,0.0,,329.0,7.2,,1011.7,
211,2020-09-28,26.7,14.4,35.6,0.0,,244.2,15.5,,1012.0,
212,2020-09-29,18.0,13.9,35.0,0.0,,302.4,21.6,,1015.8,
213,2020-09-30,17.1,14.4,27.8,0.0,,317.5,13.0,,1017.4,
214,2020-10-01,21.8,17.8,31.1,0.0,,334.5,7.6,,1014.5,
215,2020-10-02,21.8,14.4,31.1,0.0,,314.4,11.9,,1014.0,
216,2020-10-03,18.3,12.8,29.4,0.0,,319.4,15.5,,1012.8,
217,2020-10-04,16.2,12.8,21.7,0.0,,304.6,23.0,,1014.7,
218,2020-10-05,15.1,11.1,23.3,0.0,,309.5,15.5,,1015.9,
219,2020-10-06,14.3,11.1,20.6,0.0,,303.7,20.2,,1015.2,
220,2020-10-07,14.5,12.8,18.3,0.0,,299.9,21.2,,1013.5,
221,2020-10-08,16.3,13.9,19.4,0.0,,270.5,16.2,,1014.1,
222,2020-10-09,16.3,14.4,21.7,0.0,,325.6,9.7,,1014.4,
223,2020-10-10,18.0,14.4,23.3,0.0,,290.4,11.2,,1014.9,
224,2020-10-11,18.1,13.3,25.0,0.0,,305.7,14.8,,1018.3,
225,2020-10-12,18.3,12.8,28.3,0.0,,322.4,9.4,,1018.5,
226,2020-10-13,19.7,14.4,28.9,0.0,,325.4,11.2,,1018.0,
227,2020-10-14,21.1,16.1,31.1,0.0,,309.8,10.1,,1017.9,
228,2020-10-15,23.6,16.7,32.8,0.0,,330.2,6.1,,1015.0,
229,2020-10-16,25.6,17.2,34.4,0.0,,157.6,12.2,,1014.0,
230,2020-10-17,22.9,16.1,32.8,0.0,,347.3,6.1,,1013.2,
231,2020-10-18,21.2,14.4,28.3,0.0,,313.8,13.7,,1014.8,
232,2020-10-19,17.3,12.8,26.1,0.0,,299.6,16.6,,1014.8,
233,2020-10-20,16.9,12.2,27.2,0.0,,309.9,11.5,,1011.8,
234,2020-10-21,18.1,13.3,26.1,0.0,,312.8,13.3,,1009.3,
235,2020-10-22,16.9,12.8,22.8,0.0,,305.5,15.1,,1010.4,
236,2020-10-23,15.3,11.1,22.2,0.0,,300.2,12.2,,1014.4,
237,2020-10-24,15.3,11.1,21.7,0.0,,308.3,11.2,,1014.8,
238,2020-10-25,15.9,13.3,21.7,0.0,,289.7,16.9,,1013.5,
239,2020-10-26,17.8,12.8,25.0,0.0,,14.8,18.4,,1019.1,
240,2020-10-27,18.1,12.2,25.0,0.0,,317.3,9.7,,1018.3,
241,2020-10-28,16.6,11.1,23.3,0.0,,318.3,8.3,,1018.1,
242,2020-10-29,15.8,9.4,22.8,0.0,,343.5,10.4,,1017.6,
243,2020-10-30,14.2,9.4,18.3,0.0,,303.6,15.5,,1017.5,
244,2020-10-31,13.9,8.3,24.4,0.0,,313.1,9.4,,1018.2,
245,2020-11-01,15.8,10.0,25.0,0.0,,324.8,6.1,,1019.5,
246,2020-11-02,16.2,11.1,22.8,0.0,,315.4,12.6,,1018.3,
247,2020-11-03,14.0,10.0,19.4,0.0,,301.7,20.9,,1018.5,
248,2020-11-04,14.6,12.2,22.8,0.0,,315.0,13.7,,1022.3,
249,2020-11-05,16.3,12.8,26.7,0.0,,319.8,13.7,,1017.9,
250,2020-11-06,15.4,11.1,16.7,0.0,,284.7,27.4,,1008.5,
251,2020-11-07,12.4,9.4,16.7,0.0,,297.5,20.5,,1006.4,
252,2020-11-08,12.0,7.8,13.9,0.8,,296.3,32.0,,1009.7,
253,2020-11-09,9.7,5.0,15.6,0.0,,282.5,8.3,,1021.2,
254,2020-11-10,10.1,5.0,16.1,0.0,,287.4,9.0,,1023.1,
255,2020-11-11,13.1,10.0,15.6,0.0,,316.8,11.2,,1018.7,
256,2020-11-12,11.7,6.7,16.7,0.0,,304.6,10.4,,1018.4,
257,2020-11-13,11.7,8.3,15.6,0.3,,215.5,15.1,,1020.0,
258,2020-11-14,12.4,8.3,16.1,0.0,,296.2,8.3,,1024.4,
259,2020-11-15,11.2,6.1,19.4,0.0,,345.3,5.4,,1024.5,
260,2020-11-16,14.2,9.4,20.6,0.0,,63.1,4.7,,1016.4,
261,2020-11-17,15.6,11.7,18.9,3.6,,176.9,21.2,,1012.2,
262,2020-11-18,15.2,9.4,18.3,3.3,,213.9,11.9,,1017.6,
263,2020-11-19,12.6,7.2,18.3,0.0,,302.2,10.1,,1024.8,
264,2020-11-20,11.9,7.2,18.3,0.0,,333.8,5.8,,1023.8,
265,2020-11-21,11.7,6.7,18.3,0.0,,348.0,3.6,,1021.8,
266,2020-11-22,10.6,5.6,14.4,0.0,,295.0,15.1,,1017.7,
267,2020-11-23,12.4,8.9,16.1,0.0,,286.0,14.0,,1016.9,
268,2020-11-24,11.2,6.7,17.8,0.0,,323.2,9.7,,1019.3,
269,2020-11-25,12.8,9.4,16.1,0.0,,288.5,21.2,,1022.5,
270,2020-11-26,12.2,6.7,17.2,0.0,,343.6,17.3,,1022.7,
271,2020-11-27,11.5,5.0,18.9,0.0,,350.7,4.3,,1023.1,
272,2020-11-28,10.7,5.0,17.8,0.0,,356.6,3.6,,1023.6,
273,2020-11-29,10.2,5.0,15.0,0.0,,324.4,6.1,,1022.3,
274,2020-11-30,10.6,5.0,16.7,0.0,,290.8,12.6,,1024.8,
275,2020-12-01,10.7,6.7,16.7,0.0,,325.3,8.3,,1022.3,
276,2020-12-02,11.6,6.7,18.9,0.0,,311.5,7.6,,1019.7,
277,2020-12-03,11.8,8.3,16.1,0.0,,336.4,5.4,,1024.0,
278,2020-12-04,11.9,7.2,16.1,0.0,,336.7,4.7,,1024.0,
279,2020-12-05,11.6,6.7,16.1,0.0,,321.1,7.2,,1024.0,
280,2020-12-06,11.2,7.8,16.7,0.0,,327.4,7.6,,1025.2,
281,2020-12-07,14.1,7.8,22.8,0.0,,22.3,7.2,,1021.5,
282,2020-12-08,13.9,7.8,22.2,0.0,,347.7,6.8,,1020.6,
283,2020-12-09,13.1,7.8,18.9,0.0,,334.1,4.7,,1018.1,
284,2020-12-10,12.7,8.3,16.7,0.0,,308.2,18.0,,1017.5,
285,2020-12-11,11.4,10.0,15.6,7.4,,296.3,14.8,,1020.9,
286,2020-12-12,13.4,10.6,15.6,0.5,,332.3,18.4,,1019.9,
287,2020-12-13,12.4,10.0,15.6,9.9,,216.8,15.1,,1021.5,
288,2020-12-14,11.5,7.2,14.4,0.0,,297.4,11.2,,1024.9,
289,2020-12-15,10.2,7.8,14.4,0.0,,340.1,6.1,,1026.5,
290,2020-12-16,10.7,7.2,14.4,0.0,,154.7,7.2,,1022.4,
291,2020-12-17,13.2,8.9,14.4,11.2,,290.0,23.4,,1018.0,
292,2020-12-18,10.4,5.6,17.2,0.0,,290.2,7.9,,1025.5,
293,2020-12-19,10.2,5.6,16.1,0.0,,335.5,4.3,,1028.5,
294,2020-12-20,10.4,5.6,16.7,0.0,,15.3,4.0,,1025.4,
295,2020-12-21,10.4,6.1,14.4,0.0,,341.3,8.3,,1018.9,
296,2020-12-22,11.8,8.9,15.6,0.0,,336.7,10.1,,1021.5,
297,2020-12-23,10.6,5.6,15.6,0.0,,115.1,12.2,,1023.6,
298,2020-12-24,10.2,6.7,13.3,0.0,,89.5,8.6,,1023.7,
299,2020-12-25,11.6,7.2,17.8,4.1,,181.1,15.5,,1019.0,
300,2020-12-26,13.9,9.4,16.1,0.0,,271.0,14.0,,1022.3,
301,2020-12-27,10.8,7.8,13.9,0.0,,3.9,7.6,,1012.9,
302,2020-12-28,11.1,8.3,13.3,0.5,,1.9,14.8,,1010.5,
303,2020-12-29,9.9,5.0,16.1,0.0,,292.5,6.8,,1023.5,
304,2020-12-30,9.9,4.4,13.9,1.0,,270.9,12.2,,1026.2,
305,2020-12-31,12.1,8.3,15.6,0.8,,299.8,15.8,,1021.9,
306,2021-01-01,10.1,6.1,15.6,0.0,,319.6,6.5,,1021.4,
307,2021-01-02,10.8,10.0,12.2,4.8,,40.5,4.7,,1023.8,
308,2021-01-03,10.9,9.4,11.7,0.0,,351.1,4.0,,1023.5,
309,2021-01-04,12.6,10.6,16.7,7.6,,229.5,18.4,,1020.9,
310,2021-01-05,11.0,7.2,14.4,0.0,,12.2,6.1,,1024.6,
311,2021-01-06,9.1,5.6,13.3,0.5,,305.4,4.7,,1023.5,
312,2021-01-07,10.7,6.7,14.4,0.0,,91.5,7.9,,1023.1,
313,2021-01-08,11.7,8.9,14.4,0.0,,12.6,6.5,,1024.7,
314,2021-01-09,10.4,5.6,16.1,0.0,,334.5,7.2,,1024.6,
315,2021-01-10,10.4,6.1,14.4,0.0,,1.9,6.8,,1024.9,
316,2021-01-11,11.2,7.2,16.1,0.0,,113.6,7.6,,1024.0,
317,2021-01-12,11.6,9.4,14.4,0.0,,2.0,3.2,,1025.7,
318,2021-01-13,13.1,10.0,20.0,0.0,,355.9,5.0,,1027.9,
319,2021-01-14,13.4,10.0,20.6,0.0,,7.0,8.6,,1026.5,
320,2021-01-15,12.3,8.3,17.2,0.0,,24.7,4.7,,1025.5,
321,2021-01-16,13.9,9.4,19.4,0.0,,341.1,9.0,,1021.4,
322,2021-01-17,13.4,8.9,23.3,0.0,,330.7,6.5,,1018.4,
323,2021-01-18,15.8,10.0,23.3,0.0,,345.9,16.6,,1013.7,
324,2021-01-19,16.8,9.4,18.9,0.0,,20.7,38.2,,1014.6,
325,2021-01-20,12.8,8.3,19.4,0.0,,285.2,9.0,,1018.8,
326,2021-01-21,11.0,5.6,14.4,0.0,,303.4,11.2,,1017.6,
327,2021-01-22,10.9,9.4,12.8,1.8,,284.7,13.0,,1012.6,
328,2021-01-23,10.9,7.8,13.9,0.0,,336.6,12.6,,1014.2,
329,2021-01-24,10.4,7.8,11.7,3.8,,284.4,20.5,,1012.7,
330,2021-01-25,9.7,7.8,12.2,0.0,,304.2,38.2,,1010.5,
331,2021-01-26,8.4,3.9,11.1,18.3,,183.3,22.0,,1011.7,
332,2021-01-27,10.3,8.3,12.8,19.6,,148.3,20.2,,1006.5,
333,2021-01-28,10.8,8.9,12.2,14.5,,168.4,10.8,,1007.0,
334,2021-01-29,9.7,6.1,13.9,3.3,,282.7,6.8,,1013.1,
335,2021-01-30,10.3,8.3,14.4,0.0,,34.3,3.6,,1021.3,
336,2021-01-31,12.6,10.0,16.1,0.0,,16.5,4.3,,1020.4,
337,2021-02-01,12.8,8.9,18.3,8.9,,163.1,15.5,,1016.2,
338,2021-02-02,13.7,10.6,16.1,4.6,,250.6,10.4,,1019.5,
339,2021-02-03,11.2,6.1,15.0,0.0,,277.0,13.3,,1023.7,
340,2021-02-04,11.6,7.2,16.7,0.0,,327.2,10.1,,1024.2,
341,2021-02-05,11.1,6.1,19.4,0.0,,334.7,7.9,,1022.4,
342,2021-02-06,11.4,6.7,19.4,0.0,,333.8,9.0,,1019.0,
343,2021-02-07,11.9,6.7,19.4,0.0,,305.0,10.1,,1015.4,
344,2021-02-08,11.0,6.1,14.4,0.0,,301.5,10.8,,1014.8,
345,2021-02-09,12.4,10.6,15.6,0.0,,307.7,10.1,,1016.9,
346,2021-02-10,12.4,9.4,16.7,0.0,,266.5,13.7,,1019.1,
347,2021-02-11,11.6,7.2,13.9,10.9,,243.5,12.2,,1017.6,
348,2021-02-12,12.7,10.6,15.6,0.0,,285.8,27.7,,1017.3,
349,2021-02-13,12.9,10.0,15.6,1.3,,283.7,29.2,,1017.3,
350,2021-02-14,11.8,10.0,14.4,0.3,,270.1,14.8,,1019.0,
351,2021-02-15,13.4,11.1,15.0,3.6,,254.7,19.1,,1018.9,
352,2021-02-16,11.9,9.4,14.4,0.0,,296.7,24.1,,1021.1,
353,2021-02-17,10.9,6.7,17.8,0.0,,309.2,14.4,,1022.8,
354,2021-02-18,11.1,6.1,18.3,0.0,,237.1,6.8,,1026.7,
355,2021-02-19,13.4,10.6,15.6,0.8,,311.9,14.4,,1026.2,
356,2021-02-20,12.1,10.0,15.6,1.5,,292.9,25.2,,1027.5,
357,2021-02-21,11.6,6.7,17.8,0.0,,312.3,9.0,,1030.1,
358,2021-02-22,13.6,7.8,22.2,0.0,,338.9,7.9,,1025.1,
359,2021-02-23,15.2,10.0,24.4,0.0,,321.4,13.7,,1020.2,
360,2021-02-24,13.9,9.4,21.7,0.0,,313.0,13.0,,1021.9,
361,2021-02-25,15.3,10.0,18.9,0.0,,340.9,18.0,,1024.1,
362,2021-02-26,12.1,8.3,16.1,0.0,,289.6,26.6,,1021.3,
363,2021-02-27,11.2,7.2,16.1,0.0,,297.6,19.1,,1021.3,
364,2021-02-28,12.9,8.9,20.6,0.0,,331.5,10.1,,1021.8,
365,2021-03-01,12.9,7.2,20.6,0.0,,256.2,9.7,,1019.4,
366,2021-03-02,13.0,6.7,18.3,0.0,,300.4,13.0,,1013.3,
367,2021-03-03,12.7,8.9,17.8,0.0,,301.1,9.4,,1010.3,
368,2021-03-04,11.6,7.2,17.2,0.0,,260.0,9.4,,1023.0,
369,2021-03-05,12.8,7.8,18.3,5.3,,188.2,15.5,,1020.4,
370,2021-03-06,12.6,8.3,14.4,0.3,,298.8,19.1,,1020.6,
371,2021-03-07,11.1,6.7,15.6,0.0,,275.0,15.8,,1019.8,
372,2021-03-08,11.7,7.2,15.0,0.0,,234.5,18.0,,1021.8,
373,2021-03-09,11.7,8.9,15.6,5.1,,184.1,16.9,,1019.0,
374,2021-03-10,10.0,7.2,13.3,11.9,,199.6,11.9,,1013.9,
375,2021-03-11,9.6,6.1,15.0,2.3,,302.6,16.2,,1018.6,
376,2021-03-12,11.2,6.1,18.3,0.0,,291.7,15.5,,1020.9,
377,2021-03-13,11.8,10.0,13.3,0.0,,276.0,20.9,,1025.7,
378,2021-03-14,11.5,8.3,14.4,4.3,,203.3,19.8,,,
379,2021-03-15,9.9,7.2,12.8,0.8,,299.6,30.2,,1017.2,
380,2021-03-16,9.9,6.1,13.9,0.0,,253.1,15.5,,1018.0,
381,2021-03-17,9.5,6.1,13.3,0.0,,196.6,9.4,,1019.5,
382,2021-03-18,11.7,10.6,14.4,4.1,,163.7,13.7,,1019.0,
383,2021-03-19,13.2,10.6,16.1,0.3,,311.5,13.0,,1021.6,
384,2021-03-20,12.1,8.9,14.4,0.8,,293.5,23.0,,1025.4,
385,2021-03-21,11.3,6.7,16.1,0.0,,286.6,21.6,,1024.5,
386,2021-03-22,11.8,9.4,16.1,0.0,,290.3,31.7,,1022.0,
387,2021-03-23,12.7,8.3,18.9,0.0,,332.1,26.3,,1018.4,
388,2021-03-24,16.4,10.6,20.6,0.0,,315.5,21.6,,1016.5,
389,2021-03-25,12.3,8.9,15.6,0.0,,280.8,30.2,,1010.3,
390,2021-03-26,12.4,7.2,21.7,0.0,,301.3,11.5,,1016.9,
391,2021-03-27,13.9,7.8,25.0,0.0,,309.8,13.0,,1023.9,
392,2021-03-28,14.5,8.9,20.0,0.0,,308.7,16.9,,1023.6,
393,2021-03-29,11.9,8.9,17.2,0.0,,286.2,21.2,,1017.4,
394,2021-03-30,14.8,9.4,25.0,0.0,,338.4,7.9,,1016.3,
395,2021-03-31,17.9,12.2,27.2,0.0,,28.7,9.4,,1018.6,
396,2021-04-01,18.9,12.2,28.9,0.0,,323.3,10.8,,1014.4,
397,2021-04-02,15.4,10.0,21.1,0.0,,295.2,23.4,,1016.2,
398,2021-04-03,12.6,10.6,17.2,0.0,,250.1,18.4,,1021.2,
399,2021-04-04,13.3,11.1,16.7,0.0,,286.1,20.9,,1021.9,
400,2021-04-05,12.3,11.1,13.9,0.0,,269.6,19.1,,1018.3,
401,2021-04-06,12.4,10.0,17.2,0.0,,272.9,19.8,,1018.2,
402,2021-04-07,12.1,10.0,15.0,0.0,,279.2,26.6,,1021.9,
403,2021-04-08,12.5,10.6,16.7,0.0,,282.5,27.7,,1021.6,
404,2021-04-09,12.3,10.0,15.0,0.0,,274.2,35.3,,1020.4,
405,2021-04-10,12.3,9.4,17.8,0.0,,290.8,24.8,,1018.3,
406,2021-04-11,12.7,8.9,20.0,0.0,,301.9,15.8,,1012.8,
407,2021-04-12,12.8,8.9,18.9,0.0,,301.6,17.3,,1010.7,
408,2021-04-13,12.9,10.6,16.1,0.0,,262.2,25.9,,1011.3,
409,2021-04-14,13.2,9.4,20.6,0.0,,270.8,13.0,,1014.0,
410,2021-04-15,13.6,8.3,18.3,0.0,,297.0,16.9,,1017.2,
411,2021-04-16,12.2,8.9,15.6,0.0,,289.1,23.4,,1016.9,
412,2021-04-17,12.3,10.6,16.7,0.0,,294.6,24.5,,1017.5,
413,2021-04-18,14.2,8.9,24.4,0.0,,311.9,18.7,,1019.1,
414,2021-04-19,13.2,10.0,17.2,0.0,,290.8,23.8,,1019.0,
415,2021-04-20,12.9,11.7,15.6,0.0,,265.1,32.0,,1013.4,
416,2021-04-21,13.2,10.6,17.8,0.0,,265.6,14.8,,1011.6,
417,2021-04-22,12.6,10.0,16.7,0.0,,251.7,17.3,,1014.2,
418,2021-04-23,13.3,11.1,20.0,0.0,,258.6,16.9,,1016.0,
419,2021-04-24,13.2,10.6,18.9,0.0,,230.3,14.8,,1016.5,
420,2021-04-25,13.3,10.6,15.6,0.0,,236.6,16.2,,1012.7,
421,2021-04-26,12.8,9.4,16.7,0.0,,281.1,23.8,,1013.6,
422,2021-04-27,13.5,8.9,21.1,0.0,,295.9,19.1,,1016.4,
423,2021-04-28,15.9,10.0,28.3,0.0,,320.3,16.6,,1021.3,
424,2021-04-29,15.1,11.1,17.2,0.0,,300.0,25.6,,1022.8,
425,2021-04-30,13.8,11.7,16.7,0.0,,286.7,25.6,,1020.9,
426,2021-05-01,13.5,11.7,16.1,0.0,,276.2,33.8,,1016.8,
427,2021-05-02,13.9,11.1,19.4,0.0,,276.6,34.2,,1014.0,
428,2021-05-03,15.5,10.0,25.0,0.0,,301.1,20.5,,1013.4,
429,2021-05-04,16.7,12.2,22.2,0.0,,300.5,24.5,,1014.0,
430,2021-05-05,14.9,10.6,21.1,0.0,,303.8,21.6,,1013.5,
431,2021-05-06,12.7,10.0,17.8,0.0,,282.9,28.4,,1017.9,
432,2021-05-07,13.9,11.1,18.9,0.0,,277.9,30.6,,1017.4,
433,2021-05-08,16.1,10.0,26.1,0.0,,294.2,23.4,,1016.1,
434,2021-05-09,17.3,12.2,24.4,0.0,,290.8,28.4,,1013.6,
435,2021-05-10,16.7,11.1,28.9,0.0,,309.7,17.6,,1011.5,
436,2021-05-11,16.4,10.6,22.2,0.0,,310.6,19.1,,1012.4,
437,2021-05-12,14.1,10.0,20.0,0.0,,308.9,20.2,,1015.4,
438,2021-05-13,14.0,11.1,20.0,0.0,,301.9,19.1,,1016.8,
439,2021-05-14,12.8,11.1,16.1,0.0,,259.2,25.9,,1014.7,
440,2021-05-15,12.7,11.1,17.8,0.0,,256.3,16.2,,1012.6,
441,2021-05-16,14.6,11.7,19.4,0.0,,238.1,16.6,,1014.2,
442,2021-05-17,14.1,11.7,16.7,0.0,,261.7,23.8,,1017.8,
443,2021-05-18,14.6,12.2,20.0,0.0,,275.4,29.2,,1018.3,
444,2021-05-19,13.8,11.1,16.7,0.0,,275.8,48.6,,1015.6,
445,2021-05-20,13.2,10.0,18.3,0.0,,284.2,33.8,,1016.8,
446,2021-05-21,13.6,10.6,17.8,0.0,,279.2,28.8,,1015.8,
447,2021-05-22,14.2,9.4,21.1,0.0,,293.0,16.9,,1017.8,
448,2021-05-23,14.3,11.7,18.3,0.0,,268.0,23.4,,1020.6,
449,2021-05-24,13.4,10.6,18.3,0.0,,291.2,30.6,,1019.9,
450,2021-05-25,15.1,12.2,18.3,0.0,,277.1,30.2,,1018.6,
451,2021-05-26,14.7,11.1,18.9,0.0,,291.9,23.8,,1017.5,
452,2021-05-27,14.6,11.7,20.0,0.0,,276.3,31.0,,1018.9,
453,2021-05-28,15.9,12.2,20.0,0.0,,286.7,21.2,,1016.8,
454,2021-05-29,13.7,12.2,15.6,0.0,,264.6,23.4,,1014.9,
455,2021-05-30,14.9,11.7,22.8,0.0,,300.8,18.7,,1012.4,
456,2021-05-31,16.9,11.1,24.4,0.0,,318.6,16.9,,1012.1,
457,2021-06-01,17.1,12.2,22.2,0.0,,316.5,21.6,,1013.5,
458,2021-06-02,14.8,11.7,19.4,0.0,,294.5,22.3,,1012.8,
459,2021-06-03,15.7,12.2,22.2,0.0,,311.0,19.4,,1011.0,
460,2021-06-04,16.1,13.3,20.0,0.0,,295.6,20.5,,1013.7,
461,2021-06-05,17.0,12.8,23.3,0.0,,290.6,18.0,,1012.6,
462,2021-06-06,16.8,12.8,22.8,0.0,,280.6,27.0,,1010.4,
463,2021-06-07,15.7,12.8,18.9,0.0,,271.7,36.7,,1012.4,
464,2021-06-08,15.5,12.8,19.4,0.0,,279.6,26.6,,1017.7,
465,2021-06-09,15.4,12.8,19.4,0.0,,272.9,25.2,,1021.1,
466,2021-06-10,15.9,12.8,20.6,0.0,,284.2,25.6,,1023.3,
467,2021-06-11,16.7,12.8,22.8,0.0,,283.9,18.4,,1018.9,
468,2021-06-12,19.8,16.7,25.6,0.0,,304.2,20.2,,1015.1,
469,2021-06-13,19.5,13.9,25.0,0.0,,289.4,16.6,,1014.4,
470,2021-06-14,19.8,15.6,22.8,0.0,,283.1,22.3,,1017.2,
471,2021-06-15,17.8,13.3,23.3,0.0,,281.7,32.0,,1019.1,
472,2021-06-16,20.1,14.4,30.0,0.0,,312.7,19.1,,1014.4,
473,2021-06-17,21.4,16.7,32.2,0.0,,312.7,18.7,,1008.8,
474,2021-06-18,20.9,15.6,28.9,0.0,,309.3,18.4,,1006.5,
475,2021-06-19,19.4,15.6,26.1,0.0,,322.3,15.5,,1007.2,
476,2021-06-20,18.3,14.4,24.4,0.0,,320.0,15.8,,1009.9,
477,2021-06-21,18.8,15.6,23.9,0.0,,259.5,12.2,,1012.9,
478,2021-06-22,20.2,17.8,24.4,0.0,,212.7,18.7,,1012.4,
479,2021-06-23,19.8,16.7,23.3,0.0,,253.9,16.9,,1013.5,
480,2021-06-24,19.0,16.1,23.9,0.0,,273.4,22.0,,1016.5,
481,2021-06-25,17.4,14.4,21.7,0.0,,275.1,21.6,,1015.9,
482,2021-06-26,17.3,15.0,21.1,0.0,,289.2,24.8,,1013.4,
483,2021-06-27,17.2,15.6,21.7,0.0,,275.4,23.0,,1010.4,
484,2021-06-28,16.9,15.0,20.6,0.0,,274.2,25.9,,1009.8,
485,2021-06-29,17.4,15.0,21.7,0.0,,283.7,25.2,,1009.6,
486,2021-06-30,18.4,15.6,22.2,0.0,,264.5,23.0,,1011.8,
487,2021-07-01,19.0,16.1,24.4,0.0,,253.0,20.5,,1012.8,
488,2021-07-02,18.9,15.6,25.6,0.0,,280.9,19.8,,1013.0,
489,2021-07-03,18.3,16.1,23.9,0.0,,280.1,20.2,,1013.9,
490,2021-07-04,18.9,15.6,25.0,0.0,,283.0,15.1,,1014.9,
491,2021-07-05,18.2,15.6,22.8,0.0,,282.5,19.8,,1015.5,
492,2021-07-06,17.1,15.0,20.6,0.0,,270.5,27.4,,1016.4,
493,2021-07-07,16.3,13.9,19.4,0.0,,275.4,25.6,,1013.9,
494,2021-07-08,17.6,15.0,23.3,0.0,,299.4,15.5,,1010.4,
495,2021-07-09,19.5,14.4,23.9,0.0,,303.7,25.2,,1011.9,
496,2021-07-10,17.1,13.9,22.2,0.0,,306.2,28.4,,1013.4,
497,2021-07-11,16.6,13.9,21.1,0.0,,296.3,27.4,,1012.8,
498,2021-07-12,16.4,13.9,20.6,0.0,,270.8,24.5,,1013.0,
499,2021-07-13,16.4,12.8,24.4,0.0,,258.3,22.3,,1012.7,
500,2021-07-14,15.7,12.8,22.8,0.0,,264.0,15.5,,1013.4,
501,2021-07-15,15.4,12.2,18.3,0.0,,271.3,24.5,,1015.5,
502,2021-07-16,15.2,12.8,21.1,0.0,,273.4,16.9,,1013.6,
503,2021-07-17,15.8,12.2,22.2,0.0,,317.9,18.4,,1013.3,
504,2021-07-18,16.4,12.8,23.3,0.0,,309.5,20.9,,1014.7,
505,2021-07-19,16.0,13.3,21.1,0.0,,308.2,20.9,,1016.0,
506,2021-07-20,15.3,12.8,18.9,0.0,,301.3,20.9,,1016.4,
507,2021-07-21,15.9,12.8,20.0,0.0,,306.3,21.2,,1013.7,
508,2021-07-22,15.7,12.8,18.9,0.0,,293.4,22.3,,1014.2,
509,2021-07-23,16.3,11.7,23.9,0.0,,316.4,15.8,,1015.5,
510,2021-07-24,16.1,12.8,21.1,0.0,,313.3,18.4,,1014.9,
511,2021-07-25,16.2,13.3,21.7,0.0,,314.7,18.4,,1013.9,
512,2021-07-26,16.4,13.9,23.9,0.0,,285.9,11.9,,1012.9,
513,2021-07-27,18.1,14.4,23.9,0.0,,315.9,18.4,,1014.8,
514,2021-07-28,17.3,13.3,23.3,0.0,,308.2,22.7,,1016.1,
515,2021-07-29,17.1,13.9,22.2,0.0,,313.2,19.8,,1013.6,
516,2021-07-30,16.9,13.3,21.7,0.0,,310.3,19.4,,1013.0,
517,2021-07-31,17.8,14.4,23.9,0.0,,319.6,15.1,,1015.9,
518,2021-08-01,17.8,14.4,22.8,0.0,,288.6,16.9,,1017.6,
519,2021-08-02,18.1,12.8,21.7,0.0,,290.5,21.6,,1018.4,
520,2021-08-03,15.7,12.8,20.0,0.0,,306.4,20.5,,1016.2,
521,2021-08-04,15.4,13.3,20.0,0.0,,276.9,18.4,,1015.0,
522,2021-08-05,16.3,14.4,20.0,0.0,,263.0,22.3,,1016.0,
523,2021-08-06,17.4,14.4,23.9,0.0,,306.6,17.3,,1014.3,
524,2021-08-07,16.9,13.3,23.9,0.0,,322.1,15.8,,1011.7,
525,2021-08-08,17.3,13.9,23.3,0.0,,313.5,17.3,,1011.2,
526,2021-08-09,17.3,13.9,23.9,0.0,,315.8,15.1,,1011.7,
527,2021-08-10,17.6,14.4,23.9,0.0,,309.8,18.7,,1013.0,
528,2021-08-11,16.9,13.9,21.1,0.0,,290.1,24.8,,1014.1,
529,2021-08-12,17.4,15.0,21.7,0.0,,282.1,21.6,,1014.9,
530,2021-08-13,17.3,14.4,21.7,0.0,,290.9,20.2,,1017.1,
531,2021-08-14,17.3,14.4,21.1,0.0,,288.0,20.9,,1017.5,
532,2021-08-15,17.3,14.4,21.7,0.0,,301.0,21.6,,1014.4,
533,2021-08-16,17.4,14.4,22.8,0.0,,286.2,29.2,,1009.7,
534,2021-08-17,18.6,15.0,24.4,0.0,,264.4,16.9,,1008.5,
535,2021-08-18,17.8,14.4,23.9,0.0,,324.2,11.9,,1010.0,
536,2021-08-19,18.2,15.0,22.8,0.0,,296.2,14.0,,1012.6,
537,2021-08-20,17.9,15.6,22.8,0.0,,323.8,10.1,,1009.9,
538,2021-08-21,17.8,15.0,21.7,0.0,,217.4,17.3,,1008.8,
539,2021-08-22,17.1,14.4,22.8,0.0,,296.1,13.0,,1009.6,
540,2021-08-23,16.8,13.3,22.8,0.0,,264.3,10.8,,1010.7,
541,2021-08-24,16.8,13.3,21.7,0.0,,265.9,13.7,,1013.1,
542,2021-08-25,16.7,13.3,20.6,0.0,,277.4,18.0,,1015.3,
543,2021-08-26,16.6,12.8,25.0,0.0,,310.9,15.1,,1013.7,
544,2021-08-27,19.5,15.0,31.1,0.0,,310.0,14.8,,1007.8,
545,2021-08-28,20.9,15.6,31.7,0.0,,318.1,14.8,,1006.2,
546,2021-08-29,18.9,14.4,23.9,0.0,,304.5,22.3,,1008.7,
547,2021-08-30,16.4,13.3,21.7,0.0,,311.9,19.1,,1007.5,
548,2021-08-31,17.0,12.8,23.3,0.0,,320.8,13.7,,1006.5,
549,2021-09-01,16.8,12.8,21.7,0.0,,252.9,15.5,,1009.6,
550,2021-09-02,16.1,13.9,20.6,0.0,,244.1,13.7,,1013.3,
551,2021-09-03,16.1,12.8,19.4,0.0,,303.1,17.6,,1014.1,
552,2021-09-04,15.3,12.2,22.8,0.0,,300.4,18.7,,1013.9,
553,2021-09-05,15.8,11.7,25.6,0.0,,314.3,16.9,,1013.4,
554,2021-09-06,17.2,12.8,27.8,0.0,,311.0,16.9,,1013.4,
555,2021-09-07,18.4,14.4,23.9,0.0,,301.7,21.2,,1013.7,
556,2021-09-08,18.3,15.6,23.9,0.0,,296.9,24.8,,1011.6,
557,2021-09-09,16.9,14.4,20.6,0.0,,303.7,23.0,,1010.6,
558,2021-09-10,16.8,15.0,20.0,0.0,,303.0,19.1,,1014.5,
559,2021-09-11,16.9,13.9,21.1,0.0,,306.5,19.8,,1015.8,
560,2021-09-12,16.7,12.8,23.9,0.0,,307.5,18.7,,1013.9,
561,2021-09-13,17.1,14.4,22.2,0.0,,301.7,21.2,,1011.8,
562,2021-09-14,16.2,12.2,22.2,0.0,,303.3,17.3,,1011.7,
563,2021-09-15,16.2,13.9,21.1,0.0,,288.1,14.0,,1012.3,
564,2021-09-16,15.6,12.8,20.0,0.0,,262.3,10.8,,1010.9,
565,2021-09-17,15.9,12.8,21.1,0.0,,263.8,13.7,,1013.9,
566,2021-09-18,16.7,13.9,21.7,0.0,,210.3,11.2,,1017.4,
567,2021-09-19,18.4,15.6,21.7,0.0,,281.1,21.2,,1018.0,
568,2021-09-20,18.8,13.3,30.0,0.0,,310.9,8.6,,1014.6,
569,2021-09-21,22.7,16.7,32.2,0.0,,308.0,10.1,,1016.8,
570,2021-09-22,20.5,12.8,22.8,0.0,,311.4,19.4,,1018.1,
571,2021-09-23,16.2,12.2,27.8,0.0,,305.4,15.1,,1013.1,
572,2021-09-24,16.9,12.8,22.2,0.0,,303.3,20.2,,1012.6,
573,2021-09-25,16.1,13.9,19.4,0.0,,287.4,17.6,,1015.1,
574,2021-09-26,16.2,15.0,18.9,0.0,,274.8,19.8,,1016.7,
575,2021-09-27,17.1,15.0,22.2,0.0,,284.0,15.5,,1017.5,
576,2021-09-28,17.2,13.9,21.7,0.0,,292.0,24.5,,1017.1,
577,2021-09-29,16.3,11.7,22.8,0.0,,311.3,14.4,,1015.8,
578,2021-09-30,17.4,12.2,28.3,0.0,,313.9,11.2,,1015.3,
579,2021-10-01,18.8,13.3,26.7,0.0,,306.8,13.0,,1014.3,
580,2021-10-02,18.8,13.9,27.8,0.0,,315.2,12.2,,1015.1,
581,2021-10-03,19.6,13.9,30.6,0.0,,308.0,11.9,,1013.7,
582,2021-10-04,20.1,12.8,26.1,0.0,,314.9,13.7,,1012.1,
583,2021-10-05,15.4,12.2,20.0,0.0,,301.1,18.4,,1014.2,
584,2021-10-06,15.3,13.3,18.9,0.0,,268.5,16.2,,1016.1,
585,2021-10-07,14.6,13.3,16.7,0.0,,262.1,21.2,,1015.8,
586,2021-10-08,14.4,12.8,17.8,0.0,,265.1,24.5,,1018.7,
587,2021-10-09,15.7,12.8,22.2,0.0,,307.5,12.2,,1021.3,
588,2021-10-10,15.4,11.1,22.2,0.0,,296.5,22.0,,1018.4,
589,2021-10-11,14.9,12.2,17.8,0.0,,295.1,32.0,,1015.3,
590,2021-10-12,15.8,10.6,19.4,0.0,,317.5,27.7,,1016.8,
591,2021-10-13,13.4,10.0,16.7,0.0,,264.4,14.0,,1016.4,
592,2021-10-14,14.1,10.0,23.3,0.0,,324.0,9.4,,1018.7,
593,2021-10-15,15.9,10.6,26.1,0.0,,341.0,6.5,,1019.5,
594,2021-10-16,17.7,12.2,28.3,0.0,,345.7,8.3,,1015.5,
595,2021-10-17,17.2,11.7,21.1,0.8,,247.1,15.8,,1012.7,
596,2021-10-18,13.2,10.6,16.1,0.0,,267.9,17.6,,1016.4,
597,2021-10-19,12.7,8.9,19.4,0.0,,175.1,14.8,,1015.4,
598,2021-10-20,15.8,12.8,19.4,7.4,,158.8,13.3,,1017.7,
599,2021-10-21,17.2,16.1,21.1,11.2,,175.0,13.3,,1018.0,
600,2021-10-22,17.1,13.3,18.3,11.7,,246.0,14.8,,1015.8,
601,2021-10-23,15.1,12.2,18.3,6.6,,199.4,13.7,,1013.4,
602,2021-10-24,16.6,13.9,18.3,102.1,,187.4,36.7,,1003.7,
603,2021-10-25,15.1,12.2,17.2,8.6,,249.7,19.8,,1007.8,
604,2021-10-26,14.3,12.2,17.8,0.0,,152.0,9.4,,1021.9,
605,2021-10-27,16.2,13.3,21.7,0.0,,321.6,10.8,,1025.2,
606,2021-10-28,17.0,13.9,23.9,0.0,,347.5,6.8,,1020.0,
607,2021-10-29,17.3,13.3,22.8,0.0,,315.8,12.2,,1014.4,
608,2021-10-30,15.4,13.9,17.8,0.0,,242.6,10.1,,1014.2,
609,2021-10-31,14.9,13.3,17.2,0.0,,115.5,7.6,,1015.5,
610,2021-11-01,16.1,15.6,18.9,3.3,,151.8,11.2,,1017.1,
611,2021-11-02,16.7,15.0,18.9,0.0,,8.3,8.6,,1021.9,
612,2021-11-03,15.6,12.8,21.7,0.0,,347.4,7.6,,1020.5,
613,2021-11-04,17.6,13.3,18.3,1.5,,268.6,17.6,,1020.2,
614,2021-11-05,14.4,11.7,18.3,0.0,,298.6,12.6,,1018.9,
615,2021-11-06,14.5,12.2,17.2,0.0,,302.5,13.7,,1020.1,
616,2021-11-07,13.3,8.3,16.7,0.0,,297.9,14.0,,1021.7,
617,2021-11-08,12.4,8.9,17.2,7.1,,131.0,11.9,,1017.3,
618,2021-11-09,14.3,11.1,18.3,3.8,,165.5,13.7,,1020.2,
619,2021-11-10,15.6,13.3,18.3,0.0,,334.9,8.6,,1025.9,
620,2021-11-11,15.1,11.7,20.0,0.0,,353.3,4.3,,1024.3,
621,2021-11-12,15.7,12.2,21.7,0.0,,357.8,6.1,,1023.1,
622,2021-11-13,15.7,12.2,18.9,0.0,,351.9,5.4,,1021.4,
623,2021-11-14,15.8,12.8,18.9,0.0,,19.2,8.6,,1020.3,
624,2021-11-15,14.9,12.8,16.1,0.0,,7.6,9.4,,1019.4,
625,2021-11-16,14.5,11.7,17.2,0.0,,314.4,11.2,,1018.5,
626,2021-11-17,13.8,9.4,19.4,0.0,,345.3,4.0,,1017.5,
627,2021-11-18,13.6,10.6,16.1,0.0,,249.2,6.8,,1019.0,
628,2021-11-19,13.6,11.7,16.1,0.3,,270.0,7.6,,1020.3,
629,2021-11-20,14.3,10.6,18.9,0.0,,343.2,9.4,,1022.1,
630,2021-11-21,14.1,8.9,20.0,0.0,,86.6,8.3,,1022.5,
631,2021-11-22,13.9,8.3,18.9,0.0,,72.7,5.0,,1019.7,
632,2021-11-23,13.6,8.9,17.2,0.0,,292.0,13.7,,1017.9,
633,2021-11-24,12.8,7.8,18.9,0.0,,341.4,3.2,,1022.2,
634,2021-11-25,13.2,7.8,17.8,0.0,,85.5,6.1,,1026.7,
635,2021-11-26,13.2,9.4,18.9,0.0,,313.5,9.0,,1023.1,
636,2021-11-27,12.9,8.9,19.4,0.0,,0.9,4.0,,1020.5,
637,2021-11-28,14.7,10.6,21.1,0.0,,17.9,3.2,,1022.3,
638,2021-11-29,14.6,10.6,19.4,0.0,,349.6,7.6,,1021.0,
639,2021-11-30,13.1,9.4,18.9,0.0,,13.7,2.5,,1019.7,
640,2021-12-01,15.0,9.4,21.1,0.0,,109.2,4.7,,1018.7,
641,2021-12-02,14.3,9.4,16.7,0.0,,347.3,7.9,,1018.9,
642,2021-12-03,12.3,10.6,13.3,0.0,,302.4,6.5,,1019.7,
643,2021-12-04,12.7,11.7,14.4,0.0,,312.4,10.1,,1023.0,
644,2021-12-05,11.8,9.4,14.4,0.0,,334.5,9.0,,1024.0,
645,2021-12-06,11.7,10.0,12.8,0.5,,19.4,6.8,,1019.6,
646,2021-12-07,12.3,10.6,15.6,1.3,,49.7,8.6,,1015.7,
647,2021-12-08,12.2,10.6,13.3,0.0,,256.6,11.9,,1016.7,
648,2021-12-09,12.0,7.8,13.9,0.3,,286.2,19.8,,1015.5,
649,2021-12-10,9.6,5.6,13.9,0.0,,324.1,6.1,,1022.5,
650,2021-12-11,8.8,3.9,13.3,0.0,,29.3,8.3,,1021.9,
651,2021-12-12,10.6,8.9,13.3,17.8,,139.3,19.4,,1013.6,
652,2021-12-13,12.3,7.8,16.1,79.8,,206.8,24.1,,1006.5,
653,2021-12-14,9.6,6.1,11.1,5.3,,268.3,16.9,,1012.2,
654,2021-12-15,8.7,6.7,13.3,9.1,,171.6,27.0,,1019.8,
655,2021-12-16,11.7,8.9,13.9,7.1,,318.4,12.2,,1019.2,
656,2021-12-17,9.5,6.1,12.8,0.0,,111.9,9.4,,1024.7,
657,2021-12-18,8.6,5.0,11.1,0.0,,42.0,7.6,,1023.6,
658,2021-12-19,7.4,5.0,10.0,0.0,,148.4,7.6,,1019.3,
659,2021-12-20,8.9,7.2,12.2,0.0,,104.5,16.9,,1019.5,
660,2021-12-21,8.4,5.6,11.1,6.4,,96.8,13.3,,1020.1,
661,2021-12-22,9.3,8.3,15.0,20.3,,51.3,10.1,,1015.2,
662,2021-12-23,13.0,11.7,15.0,48.8,,193.9,15.1,,1007.0,
663,2021-12-24,12.1,8.9,12.8,3.3,,262.4,17.6,,1009.4,
664,2021-12-25,11.2,7.8,12.8,17.8,,220.4,21.6,,1009.9,
665,2021-12-26,8.7,6.1,11.1,1.5,,219.0,14.8,,1016.7,
666,2021-12-27,9.5,7.2,11.1,9.1,,276.8,20.2,,1013.1,
667,2021-12-28,7.7,6.7,9.4,0.0,,159.5,12.2,,1011.2,
668,2021-12-29,8.9,7.2,10.6,20.8,,88.4,14.4,,1007.2,
669,2021-12-30,8.3,7.2,11.7,0.0,,26.7,13.9,,1012.6,
670,2021-12-31,8.7,5.0,12.2,0.0,,298.2,12.2,,1013.1,
671,2022-01-01,8.2,3.9,11.1,0.0,,43.2,5.0,,1022.1,
672,2022-01-02,6.2,1.7,11.7,0.0,,158.3,6.8,,1024.4,
673,2022-01-03,10.5,8.3,12.8,6.9,,165.3,17.3,,1022.6,
674,2022-01-04,11.7,10.6,15.0,3.8,,44.6,7.6,,1025.9,
675,2022-01-05,11.9,10.6,14.4,0.0,,19.4,6.1,,1025.0,
676,2022-01-06,12.4,11.1,12.8,0.0,,13.6,5.4,,1018.3,
677,2022-01-07,11.6,10.0,13.9,0.0,,220.7,14.8,,1014.8,
678,2022-01-08,10.4,7.2,13.3,0.0,,97.7,6.5,,1020.2,
679,2022-01-09,9.8,5.0,13.9,0.0,,97.1,5.8,,1025.1,
680,2022-01-10,11.4,8.3,15.6,0.0,,55.0,4.1,,1029.2,
681,2022-01-11,11.0,6.7,15.0,0.0,,13.0,3.6,,1027.7,
682,2022-01-12,11.3,7.0,14.0,0.0,,68.1,4.5,,1024.5,
683,2022-01-13,11.1,9.0,14.0,0.0,,310.1,7.2,,1024.3,
684,2022-01-14,10.7,8.0,16.0,0.0,,35.7,4.6,,1022.6,
685,2022-01-15,12.3,9.0,17.0,0.0,,78.0,6.1,,1022.2,
686,2022-01-16,11.8,9.3,15.5,,,22.6,4.8,,1019.8,
687,2022-01-17,10.9,8.3,15.1,,,291.6,6.4,,1018.4,
